cPokemonId;Nombre;BFavorito;Polvos;PC;Salud;AtaqueRapido;DPSETBAtaqueRapido;BNOPuedeMejorarRapido;AtaqueCargado;DPSETBAtaqueCargado;BNOPuedeMejorarCargado;ValorConMultiplicador;Unico;ValorSinMultiplicador
1;Landorus;VERDADERO;3000;2122;132;lanzarrocas;13;VERDADERO;Tierra Viva;33;FALSO;2785;VERDADERO;2622
5;Vaporeon;FALSO;9000;2868;221;Pistola Agua;12;VERDADERO;Hidrobomba;47;VERDADERO;3254;FALSO;3561
6;Crobat;FALSO;9000;2471;161;Tajo Aéreo;14;VERDADERO;Bomba Lodo;42;VERDADERO;2815;FALSO;3080
8;Darkrai;VERDADERO;3000;2207;113;Finta;13;VERDADERO;onda certera;40;VERDADERO;2817;VERDADERO;2637
9;Giratina Origen;VERDADERO;4500;2947;211;Garra Umbría;15;VERDADERO;Bola Sombra;40;VERDADERO;3728;FALSO;3598
11;Golem Normal;FALSO;8000;2725;154;Bofetón Lodo;15;VERDADERO;Terremoto;47;FALSO;3376;FALSO;3375
13;Jolteon;FALSO;9000;2685;135;Impactrueno;10;VERDADERO;Rayo;38;FALSO;2925;FALSO;3204
15;Blissey;FALSO;8000;2535;381;Destructor;14;VERDADERO;Hiperrayo;47;VERDADERO;3408;FALSO;3404
17;Honchkrow;FALSO;9000;2538;183;Alarido;13;VERDADERO;Ataque Aéreo;48;FALSO;2938;FALSO;3209
18;Terrakion;VERDADERO;3000;2205;136;Antiaéreo;11;VERDADERO;A Bocajarro;52;VERDADERO;2902;VERDADERO;2727
19;Shiftry;FALSO;8000;2111;164;Hoja afilada;16;VERDADERO;Juego Sucio;42;VERDADERO;2736;VERDADERO;2739
23;Infernape;FALSO;7000;2329;147;Giro Fuego;15;VERDADERO;A Bocajarro;52;VERDADERO;3040;VERDADERO;3012
25;Reuniclus;FALSO;8000;2744;195;Cabezazo Zen;13;VERDADERO;Premonición;53;VERDADERO;3470;FALSO;3467
26;Muk Normal;FALSO;9000;2535;190;Puya Nociva;15;VERDADERO;LanzaMugre;50;VERDADERO;2975;FALSO;3245
28;Reshiram;FALSO;4500;3090;152;Colmillo Ígneo;16;VERDADERO;sofoco;48;VERDADERO;3883;FALSO;3754
29;Arcanine;FALSO;9000;2785;168;Colmillo Ígneo;16;VERDADERO;Voltio cruel;35;FALSO;3062;FALSO;3361
32;Excadrill;FALSO;9000;2961;198;Bofetón Lodo;15;VERDADERO;Cabeza de Hierro;38;FALSO;3270;FALSO;3583
34;Zekrom;VERDADERO;3000;2501;136;Dragoaliento;14;VERDADERO;Foco Resplandor;37;FALSO;3171;VERDADERO;2987
35;Poliwarth;FALSO;5000;2025;153;Burbuja;12;FALSO;Hidrobomba;47;VERDADERO;2718;VERDADERO;2650
36;Vaporeon;FALSO;7000;2722;217;Pistola Agua;12;VERDADERO;Acua cola;32;VERDADERO;3317;FALSO;3291
37;Roserade;FALSO;9000;2779;126;Hoja Afilada;16;VERDADERO;Rayo Solar;44;VERDADERO;3092;FALSO;3385
40;Arcanine;FALSO;9000;2745;163;Colmillo Ígneo;16;VERDADERO;Voltio Cruel;35;FALSO;3022;FALSO;3316
43;Kyurem;VERDADERO;3000;2242;164;Dragoaliento;14;VERDADERO;Ventisca;50;VERDADERO;2892;VERDADERO;2711
44;Unfezant;FALSO;8000;2476;156;Tajo Aéreo;14;VERDADERO;Hiperrayo;47;VERDADERO;3124;FALSO;3120
48;Gengar;FALSO;6000;2295;120;Garra Umbría;15;VERDADERO;Onda Certera;40;VERDADERO;2907;VERDADERO;2859
49;Arcanine;FALSO;9000;2730;165;Colmillo Ígneo;11;VERDADERO;Llamarada;40;VERDADERO;3053;FALSO;3342
51;Seismitoad;FALSO;7000;2235;185;Burbuja;12;VERDADERO;Bomba Lodo;35;VERDADERO;2819;VERDADERO;2796
53;Charizard;FALSO;8000;2540;152;Tajo Aéreo;14;VERDADERO;Llamarada;40;FALSO;3124;FALSO;3124
54;Arcanine;FALSO;7000;2637;166;Colmillo Ígneo;16;VERDADERO;Lanzallamas;38;FALSO;3264;FALSO;3235
57;Emboar;FALSO;7000;2511;184;Patada Baja;12;VERDADERO;Onda Certera;48;VERDADERO;3202;FALSO;3175
58;Glaceon;FALSO;10000;3009;139;Vaho Gélido;13;VERDADERO;Alud;40;VERDADERO;2945;FALSO;3572
59;Slaking;FALSO;9000;4216;231;Bostezo;0;VERDADERO;Hiperrayo;47;VERDADERO;4382;FALSO;4826
60;Slaking;FALSO;3500;2868;185;Bostezo;0;VERDADERO;Terremoto;39;VERDADERO;3547;FALSO;3365
62;Zapdos;FALSO;4000;2612;151;Rayo Carga;9;VERDADERO;Trueno;50;VERDADERO;3372;FALSO;3235
63;Ambipom;FALSO;8000;2163;149;Arañazo;14;VERDADERO;Hiperrayo;47;VERDADERO;2806;VERDADERO;2800
64;Dusknoir;FALSO;7000;2043;103;Infortunio;10;VERDADERO;Psíquico;32;VERDADERO;2504;VERDADERO;2482
65;Scizor;FALSO;9000;2925;146;Puño Bala;12;VERDADERO;Cabeza de Hierro;38;VERDADERO;3163;FALSO;3471
66;Scizor;FALSO;9000;2697;137;puño bala;12;VERDADERO;Tijera X;34;VERDADERO;2916;FALSO;3202
69;Hippodown;FALSO;7000;2704;183;Mordisco;12;FALSO;Roca Afilada;44;VERDADERO;3360;FALSO;3335
70;Stoutland;FALSO;9000;2650;163;Lengüetazo;10;VERDADERO;Voltio Cruel;35;VERDADERO;2888;FALSO;3173
72;Jolteon;FALSO;9000;2704;134;Impactrueno;10;VERDADERO;Trueno;50;VERDADERO;3034;FALSO;3318
73;Jolteon;FALSO;9000;2659;136;Impactrueno;10;VERDADERO;Rayo;38;FALSO;2902;FALSO;3179
74;Jolteon;FALSO;9000;2675;136;Impactrueno;10;VERDADERO;Trueno;50;VERDADERO;3010;FALSO;3291
75;Alakazam;FALSO;7000;2744;119;Confusión;15;VERDADERO;Bola Sombra;33;FALSO;3278;FALSO;3247
78;Jolteon;FALSO;8000;2628;135;Impactrueno;10;VERDADERO;Trueno;50;VERDADERO;3243;FALSO;3243
80;Kabutops;FALSO;7000;2405;125;cascada;16;VERDADERO;Roca Afilada;52;VERDADERO;3101;FALSO;3074
86;Drapion;FALSO;7000;2122;137;Mordisco;14;VERDADERO;Bomba Lodo;42;VERDADERO;2731;VERDADERO;2707
87;Sandslash normal;FALSO;7000;2115;144;Disparo Lodo;10;VERDADERO;Terremoto;47;VERDADERO;2735;VERDADERO;2715
88;Magnezone;FALSO;10000;3029;142;Chispa;10;VERDADERO;Electrocañón;45;VERDADERO;2982;FALSO;3611
89;Jolteon;FALSO;9000;2704;132;Voltiocambio;11;VERDADERO;Rayo;38;FALSO;2944;FALSO;3228
95;Vaporeon;FALSO;9000;2921;218;Pistola Agua;12;VERDADERO;Hidrobomba;47;VERDADERO;3299;FALSO;3611
96;Vaporeon;FALSO;9000;2915;224;Pistola Agua;12;VERDADERO;Hidrobomba;47;VERDADERO;3299;FALSO;3611
97;Vaporeon;FALSO;9000;2913;225;Pistola Agua;12;VERDADERO;Hidrobomba;47;VERDADERO;3298;FALSO;3610
98;Vaporeon;FALSO;9000;2895;218;Pistola Agua;12;VERDADERO;Hidrobomba;47;VERDADERO;3276;FALSO;3585
99;Snorlax;FALSO;9000;3077;267;Lengüetazo;10;VERDADERO;Hiperrayo;47;VERDADERO;3469;FALSO;3800
100;Vaporeon;FALSO;9000;2908;218;Pistola Agua;12;VERDADERO;Hidrobomba;47;VERDADERO;3288;FALSO;3598
101;Arcanine;FALSO;9000;2818;168;Colmillo Rayo;11;FALSO;Lanzallamas;38;VERDADERO;3073;FALSO;3371
102;Arcanine;FALSO;9000;2804;171;Colmillo Ígneo;16;VERDADERO;Lanzallamas;38;FALSO;3110;FALSO;3407
103;Magmortar;FALSO;8000;2752;141;Giro Fuego;15;VERDADERO;Llamarada;40;VERDADERO;3335;FALSO;3333
104;Vaporeon;FALSO;9000;2875;221;Pistola Agua;12;VERDADERO;Hidrobomba;47;VERDADERO;3261;FALSO;3568
105;Gengar;FALSO;9000;2704;130;Golpe Bajo;10;VERDADERO;Bola Sombra;40;VERDADERO;2950;FALSO;3234
106;Vaporeon;FALSO;9000;2847;220;Pistola Agua;12;VERDADERO;Hidrobomba;47;VERDADERO;3235;FALSO;3539
107;Donphan;FALSO;8000;2701;165;Encanto;13;VERDADERO;Cuerpo Pesado;33;FALSO;3239;FALSO;3234
109;Stoutland;FALSO;9000;2619;160;Lengüetazo;10;VERDADERO;Voltio Cruel;35;VERDADERO;2858;FALSO;3139
110;Flareon;FALSO;8000;2617;127;Ascuas;12;FALSO;Sofoco;48;VERDADERO;3224;FALSO;3144
111;Vaporeon;FALSO;9000;2900;218;Pistola Agua;12;VERDADERO;Hidrobomba;47;VERDADERO;3280;FALSO;3590
112;Flareon;FALSO;7000;2572;128;Ascuas;12;FALSO;Sofoco;48;VERDADERO;3207;FALSO;3180
114;Vaporeon;FALSO;5000;2565;205;Pistola Agua;12;VERDADERO;Hidrobomba;47;VERDADERO;3327;FALSO;3242
115;Vaporeon;VERDADERO;1;3483;243;Pistola Agua;12;VERDADERO;Acua Cola;32;VERDADERO;348;FALSO;4078
116;Hippodown;FALSO;8000;2721;185;Mordisco;12;VERDADERO;Tierra viva;33;FALSO;3269;FALSO;3266
120;Scizor;FALSO;9000;2770;139;Puño Bala;12;VERDADERO;Tijera X;34;VERDADERO;2984;FALSO;3277
122;Gliscor;FALSO;9000;2447;151;Ataque Ala;12;VERDADERO;Terremoto;47;VERDADERO;2808;VERDADERO;3070
128;Hariyama;FALSO;6000;2393;233;Contraataque;16;VERDADERO;A Bocajarro;52;VERDADERO;3224;FALSO;3170
140;Mismagius;FALSO;7000;2265;123;Golpe Bajo;10;VERDADERO;Bola Sombra;40;VERDADERO;2812;VERDADERO;2788
142;Rapidash;FALSO;7000;2167;128;Calcinación;16;VERDADERO;Llamarada;40;VERDADERO;2762;VERDADERO;2743
144;Starmie;FALSO;5000;2117;123;Pistola Agua;12;VERDADERO;Trueno;42;FALSO;2737;VERDADERO;2672
147;Rhyperior;FALSO;9000;3387;199;Antiaéreo;16;VERDADERO;Romperrocas;37;VERDADERO;3648;FALSO;4010
148;Rhyperior;FALSO;9000;3262;202;Bofetón Lodo;15;VERDADERO;Roca Afilada;52;VERDADERO;3659;FALSO;4000
149;Rhyperior;FALSO;9000;3432;195;Bofetón Lodo;15;VERDADERO;Romperrocas;37;VERDADERO;3682;FALSO;4043
150;Mamoswine;FALSO;10000;3086;197;Bofetón Lodo;15;VERDADERO;Alud;40;VERDADERO;3070;FALSO;3723
151;Rhyperior;FALSO;8000;3410;200;Bofetón Lodo;15;VERDADERO;Cabezazo;42;FALSO;4069;FALSO;4069
152;Golem Normal;FALSO;9000;2756;154;Bofetón Lodo;15;VERDADERO;Roca Afilada;52;VERDADERO;3160;FALSO;3446
154;Arcanine;FALSO;9000;2785;169;Colmillo Ígneo;11;VERDADERO;Llamarada;40;VERDADERO;3106;FALSO;3401
155;Exeggutor normal;FALSO;9000;2773;174;Paranormal;13;FALSO;Rayo Solar;44;VERDADERO;3109;FALSO;3403
156;Arcanine;FALSO;9000;2861;170;Colmillo Ígneo;16;VERDADERO;voltio cruel;35;FALSO;3132;FALSO;3399
157;Arcanine;FALSO;9000;2765;160;Colmillo Ígneo;16;VERDADERO;Llamarada;40;VERDADERO;3080;FALSO;3372
158;Exeggutor normal;FALSO;9000;2757;177;Paranormal;13;FALSO;Rayo Solar;44;VERDADERO;3098;FALSO;3350
159;Exeggutor normal;FALSO;9000;2735;178;Cabezazo Zen;13;FALSO;Rayo Solar;44;VERDADERO;3079;FALSO;3329
160;Exeggutor normal;FALSO;9000;2732;178;Paranormal;13;FALSO;Rayo Solar;44;VERDADERO;3076;FALSO;3366
161;Exeggutor normal;FALSO;9000;2731;178;Paranormal;13;FALSO;Rayo Solar;44;VERDADERO;3075;FALSO;3365
162;Exeggutor normal;FALSO;9000;2710;171;Paranormal;13;FALSO;Rayo Solar;44;VERDADERO;3050;FALSO;3337
163;Exeggutor normal;FALSO;8000;2600;167;Paranormal;13;FALSO;Rayo Solar;44;VERDADERO;3224;FALSO;3183
166;Blissey;FALSO;9000;2441;395;Destructor;11;VERDADERO;Hiperrayo;47;VERDADERO;3044;FALSO;3328
171;Snorlax;FALSO;9000;2962;265;Lengüetazo;10;VERDADERO;Terremoto;39;FALSO;3296;FALSO;3619
173;Glaceon;FALSO;10000;3011;139;Vaho Gélido;13;VERDADERO;Alud;40;VERDADERO;2946;FALSO;3574
174;Glaceon;FALSO;9000;2878;131;Vaho Gélido;13;VERDADERO;Última baza;31;VERDADERO;3063;FALSO;3361
177;Tentacruel;FALSO;8000;2230;157;Ácido;14;FALSO;Ventisca;42;FALSO;2831;VERDADERO;2835
178;Excadrill;FALSO;9000;2839;192;Garra Metal;14;FALSO;Terremoto;47;VERDADERO;3211;FALSO;3447
179;Ursaluna;FALSO;9000;3626;222;Golpe Roca;12;VERDADERO;Puño Hielo;26;VERDADERO;3766;FALSO;4152
180;Empoleon;FALSO;9000;2689;160;Garra Metal;14;FALSO;Hidrocañón;57;VERDADERO;3129;FALSO;3417
182;Pinsir;FALSO;10000;2916;139;Golpe Roca;12;VERDADERO;A Bocajarro;44;VERDADERO;2884;FALSO;3503
183;Rhyperior;FALSO;9000;3423;204;Antiaéreo;16;VERDADERO;Cabezazo;42;VERDADERO;3727;FALSO;4091
184;Rhyperior;FALSO;9000;3372;198;Bofetón Lodo;15;VERDADERO;Cabezazo;42;FALSO;3672;FALSO;4029
190;Charizard;FALSO;9000;2640;148;Tajo Aéreo;14;VERDADERO;Anillo Ígneo;40;VERDADERO;2941;FALSO;3220
191;Blissey;FALSO;9000;2496;394;Destructor;14;VERDADERO;Hiperrayo;47;VERDADERO;3093;FALSO;3378
193;Jynx;FALSO;6000;2161;127;Destructor;12;VERDADERO;Onda Certera;40;VERDADERO;2747;VERDADERO;2704
194;Tyranitar;FALSO;11000;3840;190;Mordisco;14;VERDADERO;Roca Afilada;52;VERDADERO;3354;FALSO;4558
195;Gyarados;FALSO;10000;3238;178;Cascada;13;VERDADERO;Hidrobomba;39;VERDADERO;3154;FALSO;3832
196;Salamence;FALSO;9000;3357;173;Cola Dragón;16;VERDADERO;Cometa Draco;50;VERDADERO;3708;FALSO;4058
197;Gyarados;FALSO;10000;3235;174;Dragoaliento;12;VERDADERO;Hidrobomba;39;VERDADERO;3138;FALSO;3817
198;Gyarados;FALSO;9000;3080;173;Cascada;13;VERDADERO;Hidrobomba;39;VERDADERO;3349;FALSO;3669
199;Hippodown;FALSO;8000;2802;186;Mordisco;12;VERDADERO;Roca Afilada;44;VERDADERO;3432;FALSO;3436
200;Gyarados;FALSO;10000;3258;181;Cascada;13;VERDADERO;Hidrobomba;39;VERDADERO;3173;FALSO;3855
203;Kingdra;FALSO;5000;2176;139;Dragoaliento;14;FALSO;Hidrobomba;47;VERDADERO;2878;VERDADERO;2803
204;Exploud;FALSO;8000;2093;182;Mordisco;12;VERDADERO;Llamarada;33;VERDADERO;2637;VERDADERO;2635
205;Arcanine;FALSO;9000;2813;170;Colmillo Ígneo;16;VERDADERO;Llamarada;40;VERDADERO;3132;FALSO;3431
206;Arcanine;FALSO;9000;2784;170;Colmillo Ígneo;16;VERDADERO;Llamarada;40;VERDADERO;3106;FALSO;3402
207;Arcanine;FALSO;9000;2782;164;Colmillo Ígneo;16;VERDADERO;Llamarada;40;VERDADERO;3099;FALSO;3394
208;Arcanine;FALSO;9000;2765;169;Colmillo Ígneo;16;VERDADERO;Lanzallamas;38;FALSO;3074;FALSO;3366
209;Arcanine;FALSO;9000;2754;167;Colmillo Ígneo;16;VERDADERO;Voltio Cruel;35;FALSO;3033;FALSO;3329
210;Arcanine;FALSO;9000;2742;167;Colmillo Ígneo;16;VERDADERO;Lanzallamas;38;FALSO;3051;FALSO;3341
211;Arcanine;FALSO;8000;2731;162;Colmillo Ígneo;16;VERDADERO;Llamarada;40;VERDADERO;3340;FALSO;3341
212;Arcanine;FALSO;9000;2728;163;Colmillo Ígneo;16;VERDADERO;Voltio Cruel;35;FALSO;3006;FALSO;3299
217;Entei;VERDADERO;3000;2068;162;Colmillo Ígneo;16;VERDADERO;Llamarada;40;FALSO;2801;VERDADERO;2627
218;Roserade;FALSO;10000;2846;129;Puya Nociva;15;VERDADERO;Rayo Solar;44;VERDADERO;2852;FALSO;3447
220;Gallade;FALSO;9000;2883;136;Confusión;15;VERDADERO;A Bocajarro;52;VERDADERO;3255;FALSO;3555
221;Roserade;FALSO;9000;2681;125;Puya Nociva;15;VERDADERO;Rayo Solar;44;VERDADERO;2998;FALSO;3278
222;Muk Normal;FALSO;9000;2515;181;Puya Nociva;15;VERDADERO;LanzaMugre;50;VERDADERO;2949;FALSO;3216
223;Sawk;FALSO;9000;2510;147;Puya Nociva;12;VERDADERO;Onda Certera;48;VERDADERO;2875;FALSO;3137
225;Exeggutor normal;FALSO;9000;2682;173;Confusión;15;VERDADERO;Rayo Solar;44;VERDADERO;3042;FALSO;3327
226;Toxicroak;FALSO;7000;2249;157;Puya Nociva;15;VERDADERO;Bomba Lodo;42;VERDADERO;2884;VERDADERO;2862
227;Cacturne;FALSO;7000;2068;140;Puya Nociva;12;VERDADERO;Puño Dinámico;33;FALSO;2596;VERDADERO;2568
228;Flareon;FALSO;9000;2808;135;Giro Fuego;15;VERDADERO;Sofoco;48;VERDADERO;3155;FALSO;3447
229;Flareon;FALSO;9000;2769;136;Giro Fuego;15;VERDADERO;Sofoco;48;VERDADERO;3120;FALSO;3409
230;Flareon;FALSO;9000;2744;131;Giro Fuego;15;VERDADERO;Onda Ígnea;38;FALSO;3014;FALSO;3299
231;Flareon;FALSO;9000;2736;129;Giro Fuego;15;VERDADERO;Llamarada;40;FALSO;3020;FALSO;3305
232;Heatran;FALSO;4000;2802;152;Giro Fuego;15;VERDADERO;Roca Afilada;44;VERDADERO;3572;FALSO;3426
233;Flareon;FALSO;7000;2603;132;Giro Fuego;15;VERDADERO;Sofoco;48;VERDADERO;3268;FALSO;3239
234;Charizard;FALSO;7000;2584;146;Giro Fuego;15;VERDADERO;Sofoco;48;VERDADERO;3263;FALSO;3234
235;Flareon;FALSO;7000;2525;125;Giro Fuego;15;VERDADERO;Sofoco;48;VERDADERO;3182;FALSO;3154
236;Blaziken;FALSO;9000;2511;150;Giro Fuego;15;VERDADERO;Pájaro Osado;45;VERDADERO;2877;FALSO;3141
240;Ninetales;FALSO;7000;2003;139;Giro Fuego;13;VERDADERO;Rayo Solar;37;FALSO;2559;FALSO;2537
242;Ursaluna;FALSO;9000;3450;220;Placaje;12;VERDADERO;Puño Trueno;25;VERDADERO;3599;FALSO;3966
243;Roserade;FALSO;10000;2889;131;Hoja Afilada;16;VERDADERO;Bomba Lodo;42;VERDADERO;2875;FALSO;3484
244;Roserade;FALSO;10000;2908;132;Hoja Afilada;16;VERDADERO;Rayo Solar;44;VERDADERO;2909;FALSO;3520
245;Torterra;FALSO;9000;2741;177;Hoja Afilada;16;VERDADERO;Rayo Solar;44;VERDADERO;3103;FALSO;3398
246;Torterra;FALSO;9000;2707;173;Hoja Afilada;16;VERDADERO;Planta Feroz;46;VERDADERO;3086;FALSO;3376
247;Abomasnow;FALSO;7000;2038;166;Hoja Afilada;16;VERDADERO;Ventisca;50;VERDADERO;2753;VERDADERO;2732
248;Rhyperior;FALSO;10000;3611;208;Antiaéreo;16;VERDADERO;Roca Afilada;52;VERDADERO;3600;FALSO;4363
249;Rhyperior;FALSO;9000;3490;201;Antiaéreo;16;VERDADERO;Roca Afilada;52;VERDADERO;3867;FALSO;4235
250;Rhyperior;FALSO;9000;3441;197;Antiaéreo;16;VERDADERO;Roca afilada;52;VERDADERO;3819;FALSO;4182
251;Rhyperior;FALSO;9000;3475;204;Antiaéreo;16;VERDADERO;Romperrocas;37;VERDADERO;3732;FALSO;4103
252;Rhyperior;FALSO;9000;3385;200;Bofetón Lodo;15;VERDADERO;Romperrocas;37;VERDADERO;3644;FALSO;4001
253;Rhyperior;FALSO;9000;3417;197;Antiaéreo;16;VERDADERO;Romperrocas;37;VERDADERO;3674;FALSO;4038
254;Gyarados;FALSO;9000;3119;173;Cascada;13;VERDADERO;Hidrobomba;39;VERDADERO;3384;FALSO;3708
255;Rhyperior;FALSO;6000;2977;190;Antiaéreo;16;VERDADERO;Romperrocas;37;VERDADERO;3651;FALSO;3591
256;Rampardos;FALSO;9000;3002;175;Antiaéreo;16;VERDADERO;Avalancha;36;VERDADERO;3271;FALSO;3593
257;Machamp;FALSO;9000;2846;167;Contraataque;16;VERDADERO;Cuerpo Pesado;33;FALSO;3106;FALSO;3405
259;Donphan;FALSO;9000;2795;167;Bofetón Lodo;15;VERDADERO;Cuerpo Pesado;33;FALSO;3056;FALSO;3330
262;Donphan;FALSO;9000;2757;168;Contraataque;13;FALSO;Terremoto;47;VERDADERO;3112;FALSO;3405
263;Hariyama;FALSO;10000;2784;247;Contraataque;16;VERDADERO;Puño Dinámico;40;FALSO;2872;FALSO;3479
264;Beartic;FALSO;10000;2853;176;Encanto;13;VERDADERO;Surf;38;VERDADERO;2835;FALSO;3437
268;Breloom;FALSO;8000;2275;121;Contraataque;16;VERDADERO;puño dinámico;40;VERDADERO;2843;VERDADERO;2844
270;Gyarados;FALSO;9000;3084;169;Cascada;13;VERDADERO;Hidrobomba;39;VERDADERO;3349;FALSO;3669
271;Aggron;FALSO;9000;2824;144;Cola Férrea;16;VERDADERO;Roca Afilada;52;VERDADERO;3219;FALSO;3512
272;Exeggutor Alola;FALSO;9000;2730;173;Cola Dragón;16;FALSO;Rayo Solar;44;VERDADERO;3096;FALSO;3383
273;Aggron;FALSO;8000;2715;142;Cola Dragón;14;FALSO;Roca Afilada;52;VERDADERO;3383;FALSO;3385
274;Aggron;FALSO;6000;2632;139;Cola Dragón;14;FALSO;Roca Afilada;52;VERDADERO;3353;FALSO;3299
282;Steelix;FALSO;8000;2174;145;Cola Férrea;16;VERDADERO;Terremoto;47;VERDADERO;2823;VERDADERO;2823
285;Unfezant;FALSO;8000;2477;154;Ala de Acero;14;VERDADERO;Hiperrayo;47;VERDADERO;3121;FALSO;3119
288;Porygon-Z;FALSO;7000;2818;149;Poder Oculto;12;VERDADERO;Hiperrayo;47;VERDADERO;3472;FALSO;3439
289;Exeggutor normal;FALSO;9000;2817;175;Paranormal;13;FALSO;Rayo Solar;44;VERDADERO;3150;FALSO;3408
291;Weezing;FALSO;8000;2118;134;Placaje;10;VERDADERO;bomba lodo;42;VERDADERO;2666;VERDADERO;2668
293;Crawdaunt;FALSO;6000;2071;121;Alarido;13;FALSO;Martillazo;54;VERDADERO;2770;VERDADERO;2728
296;Dragonite;FALSO;10000;3751;175;Cola Dragón;16;VERDADERO;Retribución;50;VERDADERO;3671;FALSO;4454
297;Garchomp;FALSO;10000;3862;197;Cola Dragón;16;VERDADERO;Terremoto;47;VERDADERO;3751;FALSO;4563
298;Beheeyem;FALSO;5000;2179;130;Confusión;15;VERDADERO;Psíquico;39;VERDADERO;2806;VERDADERO;2741
299;Gigalith;FALSO;7000;2891;157;Antiaéreo;16;VERDADERO;Avalancha;36;VERDADERO;3490;FALSO;3464
300;Metagross;FALSO;10000;3645;160;Puño Bala;12;VERDADERO;Foco Resplandor;44;VERDADERO;3495;FALSO;4253
301;Mamoswine;FALSO;11000;3276;198;Bofetón Lodo;15;VERDADERO;Alud;40;VERDADERO;2875;FALSO;3914
303;Arcanine;FALSO;9000;2772;165;Colmillo Ígneo;16;VERDADERO;Voltio Cruel;35;FALSO;3048;FALSO;3305
304;Arcanine;FALSO;9000;2867;170;Colmillo Ígneo;16;VERDADERO;Lanzallamas;38;FALSO;3166;FALSO;3469
306;Exeggutor Alola;FALSO;9000;2731;168;Cola Dragón;16;FALSO;Rayo Solar;44;VERDADERO;3092;FALSO;3379
307;Exeggutor normal;FALSO;5000;2257;161;Confusión;15;VERDADERO;Psíquico;39;FALSO;2919;VERDADERO;2850
311;Gyarados;FALSO;3500;2228;142;Dragoaliento;12;FALSO;Hidrobomba;39;VERDADERO;2923;VERDADERO;2778
312;Rayquaza;VERDADERO;2500;2181;136;Cola Dragón;16;VERDADERO;Enfado;34;VERDADERO;2904;VERDADERO;2718
313;Suicune;FALSO;4500;2453;169;Paranormal;11;VERDADERO;Retribución;50;VERDADERO;3214;VERDADERO;3109
314;Aerodactyl;FALSO;4500;2081;139;Lanzarrocas;16;VERDADERO;Hiperrayo;40;VERDADERO;2752;VERDADERO;2668
316;Magnezone;FALSO;8000;2941;140;Chispa;10;VERDADERO;Electrocañón;45;VERDADERO;3526;FALSO;3521
319;Vaporeon;FALSO;6000;2566;209;Pistola Agua;12;VERDADERO;hidrobomba;47;VERDADERO;3305;FALSO;3247
320;Blaziken;FALSO;8000;2524;153;Contraataque;16;FALSO;Sofoco;48;FALSO;3189;FALSO;3189
321;Ludicolo;FALSO;8000;2151;156;Burbuja;12;FALSO;Hidrobomba;47;VERDADERO;2781;VERDADERO;2779
322;Tangrowth;FALSO;9000;2825;185;Látigo Cepa;14;VERDADERO;Latigazo;42;VERDADERO;3153;FALSO;3458
324;Porygon-Z;FALSO;8000;2994;161;Poder Oculto;12;VERDADERO;Triataque;58;VERDADERO;3712;FALSO;3715
325;Porygon-Z;FALSO;8000;2952;154;Poder Oculto;12;VERDADERO;Triataque;58;VERDADERO;3663;FALSO;3666
326;Arcanine;FALSO;10000;2918;168;Colmillo Ígneo;16;VERDADERO;Voltio Cruel;35;FALSO;2873;FALSO;3490
327;Snorlax;FALSO;9000;2929;265;Lengüetazo;10;VERDADERO;Cabezazo;50;VERDADERO;3357;FALSO;3674
328;Porygon-Z;FALSO;6000;2663;154;Poder Oculto;12;VERDADERO;Triataque;58;VERDADERO;3430;FALSO;3377
329;Snorlax;FALSO;8000;2854;261;Cabezazo Zen;11;VERDADERO;Cabezazo;50;VERDADERO;3604;FALSO;3603
337;Nidoking;FALSO;7000;2311;151;Cola Férrea;14;FALSO;Terremoto;47;FALSO;2969;VERDADERO;2950
338;Snorlax;FALSO;5000;2609;246;Lengüetazo;10;VERDADERO;Cuerpo Pesado;33;FALSO;3287;FALSO;3199
339;Exeggutor normal;FALSO;9000;2787;175;Confusión;15;VERDADERO;Rayo Solar;44;VERDADERO;3138;FALSO;3434
342;Gastrodom;FALSO;8000;2007;194;Bofetón Lodo;15;VERDADERO;Tierra Viva;33;VERDADERO;2592;VERDADERO;2585
344;Roserade;FALSO;9000;2782;129;Hoja Afilada;16;VERDADERO;Rayo Solar;44;VERDADERO;3097;FALSO;3391
347;Houndoom;FALSO;8000;2394;146;Colmillo Ígneo;16;VERDADERO;Lanzallamas;38;FALSO;2973;VERDADERO;2972
348;Arcanine;FALSO;8000;2716;165;Colmillo Ígneo;16;VERDADERO;Lanzallamas;38;VERDADERO;3314;FALSO;3313
349;Vaporeon;FALSO;9000;2836;222;Pistola Agua;12;VERDADERO;Hidrobomba;47;VERDADERO;3226;FALSO;3530
350;Gallade;FALSO;9000;2854;136;Confusión;15;VERDADERO;Psíquico;39;FALSO;3119;FALSO;3422
351;Sceptile;FALSO;7000;2402;136;Semilladora;9;VERDADERO;Terremoto;39;VERDADERO;2945;VERDADERO;2922
352;Roserade;FALSO;9000;2724;131;Puya Nociva;15;VERDADERO;Hierba Lazo;42;VERDADERO;3022;FALSO;3311
354;Victini;FALSO;3500;2186;154;Confusión;15;VERDADERO;Sofoco;48;VERDADERO;2984;VERDADERO;2844
356;Charizard;FALSO;5000;2367;141;Dragoaliento;12;VERDADERO;Sofoco;48;VERDADERO;3063;VERDADERO;2988
358;Sawsbuck Autumm;FALSO;7000;2137;154;Finta;11;VERDADERO;Rayo Solar;44;FALSO;2755;VERDADERO;2731
359;Meganium;FALSO;7000;2099;147;Látigo Cepa;14;VERDADERO;Tormenta Floral;51;VERDADERO;2787;VERDADERO;2766
362;Sirfetch'd;FALSO;9000;2763;128;Contraataque;16;VERDADERO;Pájaro Osado;45;VERDADERO;3090;FALSO;3379
363;Muk Normal;FALSO;9000;2571;190;Puya Nociva;15;VERDADERO;Lanzamugre;50;VERDADERO;3007;FALSO;3281
364;Roserade;FALSO;9000;2687;124;Puya Nociva;15;VERDADERO;Rayo Solar;44;VERDADERO;3002;FALSO;3283
365;Darkrai;FALSO;3500;2394;116;Alarido;13;VERDADERO;Onda Certera;40;VERDADERO;2939;VERDADERO;2774
367;Lugia;FALSO;4000;2561;164;Cola Dragón;14;VERDADERO;Aerochorro;96;VERDADERO;3738;FALSO;3605
368;Venusaur;FALSO;9000;2547;153;Hoja Afilada;16;VERDADERO;Bomba Lodo;42;FALSO;2889;FALSO;3164
372;Chandelure;FALSO;5000;2596;116;Calcinación;16;VERDADERO;Sofoco;48;VERDADERO;3302;FALSO;3221
373;Tyranitar;FALSO;10000;3692;180;Cola Férrea;14;VERDADERO;Roca Afilada;52;VERDADERO;3624;FALSO;4400
375;Aggron;FALSO;7000;2607;140;Cola Férrea;16;FALSO;Cuerpo Pesado;40;FALSO;3225;FALSO;3195
376;Escavalier;FALSO;10000;2730;143;Picadura;12;VERDADERO;Megacuerno;60;VERDADERO;2874;FALSO;3449
377;Dragonite;FALSO;5000;2993;162;Dragoaliento;14;VERDADERO;Enfado;34;FALSO;3636;FALSO;3539
379;Electivire;FALSO;8000;2726;147;Impactrueno;10;VERDADERO;Voltio Cruel;42;FALSO;3285;FALSO;3289
380;Electivire;FALSO;8000;2719;144;Patada Baja;10;VERDADERO;Trueno;50;VERDADERO;3343;FALSO;3343
381;Electivire;FALSO;7000;2723;145;Patada Baja;10;VERDADERO;Voltio Cruel;42;FALSO;3309;FALSO;3284
382;Armaldo;FALSO;9000;2684;146;Estoicismo;12;VERDADERO;Pedrada;29;VERDADERO;2871;FALSO;3158
383;Vaporeon;FALSO;7000;2636;213;Pistola Agua;12;VERDADERO;Hidroariete;28;VERDADERO;3197;FALSO;3169
387;Magnezone;FALSO;7000;2803;136;Chispa;10;VERDADERO;Electrocañón;45;VERDADERO;3414;FALSO;3379
389;Magmortar;FALSO;6000;2697;145;Giro Fuego;15;VERDADERO;Llamarada;40;VERDADERO;3340;FALSO;3284
390;Magmortar;FALSO;8000;2819;146;Giro Fuego;15;VERDADERO;Rayo;32;FALSO;3343;FALSO;3341
391;Magmortar;FALSO;7000;2783;143;Giro Fuego;15;VERDADERO;Rayo;32;FALSO;3333;FALSO;3302
392;Magmortar;FALSO;8000;2740;144;Giro Fuego;15;VERDADERO;Psíquico;32;VERDADERO;3263;FALSO;3263
393;Magmortar;FALSO;8000;2714;142;Giro Fuego;15;VERDADERO;Rayo;32;FALSO;3234;FALSO;3232
394;Melmeltan;FALSO;9000;3257;206;Impactrueno;8;VERDADERO;Foco Resplandor;44;VERDADERO;3538;FALSO;3879
396;Alakazam;FALSO;7000;2686;120;Confusión;15;VERDADERO;Premonición;53;VERDADERO;3380;FALSO;3350
397;Gardevoir;FALSO;10000;2969;142;Confusión;15;VERDADERO;Brillo Mágico;34;VERDADERO;2883;FALSO;3503
398;Machamp;FALSO;9000;2815;170;Contraataque;16;VERDADERO;Puño Dinámico;40;FALSO;3134;FALSO;3433
399;Gyarados;FALSO;10000;3267;177;Cascada;13;VERDADERO;Hidrobomba;39;VERDADERO;3177;FALSO;3860
400;Golduck;FALSO;8000;2189;154;Pistola Agua;12;VERDADERO;Hidrobomba;47;VERDADERO;2817;VERDADERO;2815
401;Hydreigon;FALSO;9000;3330;166;Mordisco;14;VERDADERO;Foco Resplandor;37;VERDADERO;3558;FALSO;3904
402;Torterra;FALSO;9000;2702;175;Hoja Afilada;16;VERDADERO;Rayo Solar;44;VERDADERO;3066;FALSO;3357
403;Aggron;FALSO;7000;2601;137;Cola Dragón;14;FALSO;Roca Afilada;52;VERDADERO;3292;FALSO;3266
404;Excadrill;FALSO;7000;2899;192;Garra Metal;14;VERDADERO;Taladradora;34;FALSO;3506;FALSO;3475
405;Machamp;FALSO;8000;2621;162;Contraataque;16;VERDADERO;Tajo Cruzado;40;FALSO;3230;FALSO;3231
411;Pyroar Hembra;FALSO;8000;2455;159;Colmillo Ígneo;16;VERDADERO;Sofoco;48;VERDADERO;3126;FALSO;3126
412;Melmeltan;FALSO;10000;3381;211;Impactrueno;8;VERDADERO;Foco Resplandor;44;VERDADERO;3295;FALSO;4008
415;Rhyperior;FALSO;9000;3412;200;Antiaéreo;16;VERDADERO;Romperrocas;37;FALSO;3672;FALSO;4036
416;Rhyperior;FALSO;9000;3452;203;Bofetón Lodo;15;VERDADERO;Roca afilada;52;VERDADERO;3831;FALSO;4191
421;Crustle;FALSO;8000;2297;141;Antiaéreo;16;VERDADERO;Tijera X;34;VERDADERO;2835;VERDADERO;2838
422;Vaporeon;FALSO;9000;2853;221;Pistola Agua;12;VERDADERO;Hidrobomba;47;VERDADERO;3241;FALSO;3546
423;Golem Normal;FALSO;8000;2706;153;Lanzarrocas;16;VERDADERO;Terremoto;47;FALSO;3360;FALSO;3363
424;Hariyama;FALSO;6000;2404;226;Contraataque;16;VERDADERO;A Bocajarro;52;VERDADERO;3228;FALSO;3174
425;Staraptor;FALSO;8000;2506;160;Ataque Rápido;12;FALSO;Pájaro Osado;54;FALSO;3194;FALSO;3194
428;Machamp;FALSO;5000;2319;156;Contraataque;16;VERDADERO;Vendetta;46;VERDADERO;3045;VERDADERO;2971
431;Sawk;FALSO;9000;2570;151;Puya Nociva;12;VERDADERO;Onda Certera;48;VERDADERO;2933;FALSO;3201
433;Excadrill;FALSO;5000;2594;178;Bofetón Lodo;15;VERDADERO;Cabeza de Hierro;38;FALSO;3282;FALSO;3196
435;Magmortar;FALSO;8000;2725;140;Giro Fuego;15;VERDADERO;Llamarada;40;VERDADERO;3307;FALSO;3305
436;Gigalith;FALSO;10000;3084;167;Antiaéreo;16;VERDADERO;Rayo Solar;37;VERDADERO;3022;FALSO;3675
437;Scizor;VERDADERO;3500;2088;124;Puño Bala;12;VERDADERO;Retribución;50;VERDADERO;2841;VERDADERO;2708
438;Mewtwo;FALSO;4500;3397;160;Confusión;15;VERDADERO;Retribución;50;VERDADERO;4219;FALSO;4077
439;Excadrill;FALSO;5000;2721;188;Bofetón Lodo;15;VERDADERO;Taladradora;34;FALSO;3395;FALSO;3301
442;Delphox;FALSO;8000;2713;146;Cabezazo Zen;13;FALSO;Lanzallamas;38;VERDADERO;3269;FALSO;3267
444;Melmeltan;FALSO;9000;3352;214;Impactrueno;8;VERDADERO;Hiperrayo;40;VERDADERO;3592;FALSO;3950
445;Empoleon;FALSO;7000;2515;157;Garra Metal;14;FALSO;Foco Resplandor;44;VERDADERO;3163;FALSO;3136
446;Slowbro;FALSO;5000;2022;156;Confusión;15;VERDADERO;Psíquico;39;VERDADERO;2672;VERDADERO;2610
447;Skutank;FALSO;8000;2121;183;Mordisco;14;VERDADERO;Bomba Lodo;42;VERDADERO;2753;VERDADERO;2752
448;Blissey;FALSO;8000;2530;388;Destructor;11;VERDADERO;Hiperrayo;47;VERDADERO;3410;FALSO;3410
449;Sawsbuck - Winter;FALSO;8000;2106;152;Finta;11;VERDADERO;Voltio Cruel;35;FALSO;2624;VERDADERO;2626
450;Excadrill;FALSO;7000;2913;187;Bofetón Lodo;15;VERDADERO;Cabeza de Hierro;38;FALSO;3558;FALSO;3524
451;Excadrill;FALSO;6000;2680;185;Garra Metal;14;VERDADERO;Taladradora;34;FALSO;3306;FALSO;3249
452;Vaporeon;FALSO;9000;2827;223;Pistola Agua;12;VERDADERO;Hidrobomba;47;VERDADERO;3219;FALSO;3522
453;Muk Alola;FALSO;5000;2161;174;Puya Nociva;15;VERDADERO;Lanzamugre;50;VERDADERO;2927;FALSO;2857
454;Hippodown;FALSO;6000;2587;183;Mordisco;12;VERDADERO;Terremoto;47;VERDADERO;3295;FALSO;3242
457;Melmeltan;FALSO;9000;3200;212;Impactrueno;8;VERDADERO;Foco Resplandor;44;VERDADERO;3492;FALSO;3828
459;Pinsir;FALSO;10000;2860;138;Picadura;12;VERDADERO;A Bocajarro;44;VERDADERO;2842;FALSO;3446
460;Pinsir;FALSO;7000;2816;136;Picadura;12;VERDADERO;Retribución;50;VERDADERO;3478;FALSO;3448
461;Gigalith;FALSO;7000;2779;155;Antiaéreo;16;VERDADERO;Avalancha;36;VERDADERO;3375;FALSO;3350
462;Serperior;FALSO;8000;2039;146;Látigo Cepa;14;VERDADERO;Hierba Lazo;42;VERDADERO;2629;VERDADERO;2633
464;Torterra;FALSO;9000;2693;173;Hoja Afilada;16;VERDADERO;Terremoto;47;VERDADERO;3078;FALSO;3370
465;Machamp;FALSO;9000;2808;167;Contraataque;16;VERDADERO;A Bocajarro;52;VERDADERO;3223;FALSO;3519
468;Miltank;FALSO;7000;2012;170;Placaje;12;VERDADERO;Rayo;32;VERDADERO;2556;VERDADERO;2534
469;Ampharos;FALSO;8000;2544;166;Voltiocambio;11;VERDADERO;Electrocañón;45;VERDADERO;3157;FALSO;3158
471;Aggron;FALSO;8000;2682;137;Cola Férrea;16;VERDADERO;Trueno;42;FALSO;3283;FALSO;3283
472;Excadrill;FALSO;5000;2572;180;Bofetón Lodo;15;VERDADERO;Terremoto;47;VERDADERO;3332;FALSO;3248
474;Tyranitar;FALSO;10000;3723;186;Antiaéreo;16;VERDADERO;Roca Afilada;52;VERDADERO;3672;FALSO;4453
477;Feraligatr;FALSO;8000;2537;156;Cascada;16;VERDADERO;Hidrobomba;47;VERDADERO;3199;FALSO;3197
479;Cinccino;FALSO;8000;2003;143;Encanto;13;VERDADERO;Hiperrayo;47;VERDADERO;2632;VERDADERO;2626
480;Cloyster;FALSO;4500;2032;108;Canto Helado;12;VERDADERO;Hidrobomba;47;VERDADERO;2700;VERDADERO;2614
481;Drifblim;FALSO;7000;2097;239;Infortunio;10;VERDADERO;Bola Sombra;40;VERDADERO;2759;FALSO;2735
483;Muk Normal;FALSO;9000;2578;188;Puya Nociva;15;VERDADERO;LanzaMugre;50;VERDADERO;3012;FALSO;3286
484;Mr.Mime;FALSO;8000;2003;100;Confusión;15;VERDADERO;Bola Sombra;33;VERDADERO;2489;VERDADERO;2487
485;Simisear;FALSO;7000;2012;146;Giro Fuego;15;VERDADERO;Lanzallamas;38;VERDADERO;2607;VERDADERO;2582
487;Talonflame;FALSO;8000;2014;152;Giro Fuego;15;VERDADERO;Llamarada;40;FALSO;2608;VERDADERO;2606
488;Xatu;FALSO;8000;2012;132;Tajo Aéreo;14;VERDADERO;Premonición;53;VERDADERO;2683;VERDADERO;2680
489;Scolipede;FALSO;7000;2132;123;Picadura;12;FALSO;Megacuerno;60;VERDADERO;2854;VERDADERO;2831
490;Roserade;FALSO;4500;2229;118;Puya Nociva;15;VERDADERO;Meteorobola Fuego;34;VERDADERO;2836;VERDADERO;2739
493;Roserade;FALSO;9000;2753;126;Puya Nociva;15;VERDADERO;Meteorobola Fuego;34;VERDADERO;2986;FALSO;3271
498;Kyogre;FALSO;4500;3150;152;Cascada;16;VERDADERO;Ventisca;42;VERDADERO;3897;FALSO;3766
501;Hariyama;FALSO;7000;2496;236;Contraataque;16;VERDADERO;Fuerza Bruta;34;FALSO;3159;FALSO;3132
502;Swampert;FALSO;3500;2108;158;Pistola Agua;12;VERDADERO;Retribución;50;VERDADERO;2898;VERDADERO;2762
503;Melmeltan;FALSO;10000;3450;211;Impactrueno;8;VERDADERO;Hiperrayo;40;VERDADERO;3311;FALSO;4045
506;Flareon;FALSO;8000;2682;133;Ascuas;12;FALSO;Llamarada;40;FALSO;3231;FALSO;3231
508;Muk Normal;FALSO;9000;2603;189;Puya Nociva;15;VERDADERO;Onda Tóxica;41;FALSO;2963;FALSO;3240
509;Kingler;FALSO;6000;2367;112;Garra Metal;11;VERDADERO;Martillazo;54;VERDADERO;3049;VERDADERO;2999
510;Pyroar Hembra;FALSO;8000;2455;163;Colmillo Ígneo;16;VERDADERO;Sofoco;48;VERDADERO;3130;FALSO;3130
511;Walrein;FALSO;9000;2556;197;Vaho Gélido;13;FALSO;Ventisca;50;VERDADERO;2986;FALSO;3257
512;Aggron;FALSO;6000;2507;135;Antiaéreo;16;VERDADERO;Roca Afilada;52;VERDADERO;3240;FALSO;3186
513;Garbodor;FALSO;7000;2054;152;Acoso;9;VERDADERO;LanzaMugre;50;VERDADERO;2703;VERDADERO;2678
514;Melmeltan;FALSO;10000;3391;218;Impactrueno;8;VERDADERO;Foco Resplandor;44;VERDADERO;3309;FALSO;4025
517;Emboar;FALSO;7000;2543;191;Ascuas;12;FALSO;Onda Ígnea;38;VERDADERO;3162;FALSO;3134
518;Aggron;FALSO;3500;2050;122;Cola Férrea;16;VERDADERO;Retribución;50;VERDADERO;2833;VERDADERO;2700
519;Gyarados;FALSO;8000;3106;172;Dragoaliento;12;FALSO;Hidrobomba;39;VERDADERO;3689;FALSO;3689
520;Espeon;FALSO;7000;2780;129;Cabezazo Zen;13;FALSO;Premonición;53;VERDADERO;3469;FALSO;3437
527;Hariyama;FALSO;9000;2650;240;Contraataque;16;VERDADERO;A Bocajarro;52;VERDADERO;3146;FALSO;3434
528;Hariyama;FALSO;7000;2505;230;Contraataque;16;VERDADERO;Fuerza Bruta;34;FALSO;3162;FALSO;3135
530;Glaceon;FALSO;9000;2862;131;Vaho Gélido;13;VERDADERO;Alud;40;VERDADERO;3120;FALSO;3417
534;Dodrio;FALSO;7000;2010;125;Ala de Acero;14;VERDADERO;Pájaro Osado;54;VERDADERO;2699;VERDADERO;2679
535;Exeggutor normal;FALSO;8000;2612;169;Confusión;15;VERDADERO;Psíquico;39;FALSO;3209;FALSO;3213
536;Golem Normal;FALSO;8000;2657;152;Lanzarrocas;16;VERDADERO;Roca Afilada;52;VERDADERO;3354;FALSO;3353
537;Gyarados;FALSO;10000;3260;180;Dragoaliento;12;VERDADERO;Hidrobomba;39;VERDADERO;3163;FALSO;3848
538;Hariyama;FALSO;7000;2468;235;Contraataque;16;VERDADERO;A Bocajarro;52;VERDADERO;3275;FALSO;3247
542;Moltres;FALSO;4500;2653;153;Ataque Ala;12;FALSO;Ataque Aéreo;48;VERDADERO;3398;FALSO;3286
545;Aggron;FALSO;8000;2642;136;Antiaéreo;16;VERDADERO;Roca Afilada;52;VERDADERO;3323;FALSO;3322
548;Gothielle;FALSO;7000;2132;134;Confusión;15;VERDADERO;Premonición;53;VERDADERO;2835;VERDADERO;2810
551;Nidoqueen;FALSO;7000;2199;165;Mordisco;12;FALSO;Roca Afilada;44;VERDADERO;2832;VERDADERO;2812
552;Samurott;FALSO;9000;2673;179;Cascada;16;VERDADERO;Megacuerno;50;VERDADERO;3094;FALSO;3380
553;Blastoise;FALSO;7000;2156;151;Pistola Agua;12;VERDADERO;Hidrobomba;47;VERDADERO;2804;VERDADERO;2779
554;Leafeon;FALSO;9000;2784;136;Hoja Afilada;16;VERDADERO;Hoja Aguda;35;FALSO;3033;FALSO;3328
555;Flareon;FALSO;6000;2575;129;Giro Fuego;15;VERDADERO;Llamarada;40;FALSO;3200;FALSO;3144
557;Vaporeon;FALSO;7000;2676;213;Pistola Agua;12;VERDADERO;Hidrobomba;47;VERDADERO;3392;FALSO;3361
559;Sawsbuck - Spring;FALSO;7000;2161;149;Finta;11;VERDADERO;Rayo Solar;44;VERDADERO;2774;VERDADERO;2750
561;Banette;FALSO;6000;2004;129;Garra Umbría;15;VERDADERO;Bola Sombra;40;VERDADERO;2619;VERDADERO;2573
563;Octillery;FALSO;7000;2008;137;Pistola Agua;12;VERDADERO;Lanzamugre;42;VERDADERO;2598;VERDADERO;2577
564;Granbull;FALSO;5000;2026;159;Mordisco;12;FALSO;A Bocajarro;44;FALSO;2695;VERDADERO;2633
565;Houndoom;FALSO;4500;2017;133;Colmillo Ígneo;16;VERDADERO;Lanzallamas;38;FALSO;2669;VERDADERO;2582
567;Articuno;FALSO;3500;2093;147;Canto Helado;12;VERDADERO;Retribución;50;VERDADERO;2870;VERDADERO;2736
568;Meganium;FALSO;8000;2061;148;Látigo Cepa;14;VERDADERO;Tormenta Floral;51;VERDADERO;2727;VERDADERO;2729
571;Pyroar Hembra;FALSO;8000;2484;163;Colmillo Ígneo;16;VERDADERO;Sofoco;48;VERDADERO;3159;FALSO;3159
573;Excadrill;FALSO;7000;2842;188;Garra Metal;14;VERDADERO;Cabeza de Hierro;38;FALSO;3473;FALSO;3446
574;Aggron;FALSO;8000;2773;141;Cola Dragón;14;FALSO;Roca Afilada;52;VERDADERO;3440;FALSO;3442
575;Delphox;FALSO;5000;2566;140;Cabezazo Zen;12;FALSO;Llamarada;40;VERDADERO;3211;FALSO;3130
576;Metagross;FALSO;9000;3482;149;Cabezazo Zen;13;VERDADERO;Puño Meteoro;46;VERDADERO;3742;FALSO;4103
577;Aggron;FALSO;7000;2665;139;Cola Dragón;14;FALSO;Cuerpo Pesado;40;FALSO;3261;FALSO;3236
579;Flareon;FALSO;6000;2580;132;Giro Fuego;15;VERDADERO;Lanzallamas;38;FALSO;3193;FALSO;3136
580;Golem Alola;FALSO;4000;2029;133;Lanzarrocas;16;VERDADERO;Roca Afilada;52;VERDADERO;2815;VERDADERO;2706
581;Golem Normal;FALSO;7000;2518;148;Bofetón Lodo;15;VERDADERO;Roca Afilada;52;VERDADERO;3234;FALSO;3202
582;Lickilicky;FALSO;7000;2091;186;Lengüetazo;10;VERDADERO;Rayo Solar;37;FALSO;2673;VERDADERO;2653
583;Donphan;FALSO;9000;2746;170;Bofetón Lodo;15;VERDADERO;Cuerpo Pesado;33;FALSO;3015;FALSO;3284
587;Grumpig;FALSO;8000;2080;156;Paranormal;13;VERDADERO;Psíquico;39;VERDADERO;2649;VERDADERO;2652
588;Thundurus Tótem - Therian;FALSO;3500;2339;130;Mordisco;12;VERDADERO;Trueno;50;VERDADERO;3113;VERDADERO;2965
590;Manectric;FALSO;6000;2009;133;Alarido;11;VERDADERO;Trueno;50;VERDADERO;2672;VERDADERO;2630
592;Dragonite;FALSO;9000;3563;170;Cola Dragón;16;VERDADERO;Hiperrayo;40;VERDADERO;3806;FALSO;4181
593;Excadrill;FALSO;6000;2666;189;Bofetón Lodo;15;VERDADERO;Cabeza de Hierro;38;FALSO;3339;FALSO;3279
594;Arcanine;FALSO;8000;2649;164;Colmillo Ígneo;16;VERDADERO;Voltio Cruel;35;FALSO;3217;FALSO;3221
595;Arcanine;FALSO;8000;2668;162;Colmillo Ígneo;16;VERDADERO;Llamarada;40;VERDADERO;3277;FALSO;3278
598;Ampharos;FALSO;7000;2546;163;Voltiocambio;11;VERDADERO;Electrocañón;45;VERDADERO;3183;FALSO;3157
600;Eelektross;FALSO;4500;2006;143;Chispa;10;VERDADERO;Rayo;38;VERDADERO;2625;VERDADERO;2533
601;Blissey;FALSO;8000;2453;388;Destructor;14;VERDADERO;Psíquico;32;VERDADERO;3210;FALSO;3209
602;Chesnaught;FALSO;9000;2737;164;Látigo Cepa;14;VERDADERO;Fuerza Bruta;34;FALSO;2995;FALSO;3285
604;Exeggutor normal;FALSO;9000;2717;176;Confusión;15;VERDADERO;Rayo Solar;44;VERDADERO;3076;FALSO;3365
605;Exeggutor normal;FALSO;6000;2530;165;Confusión;15;VERDADERO;Psíquico;39;FALSO;3177;FALSO;3127
607;Exeggutor normal;FALSO;7000;2624;165;Confusión;15;VERDADERO;Psíquico;39;FALSO;3245;FALSO;3221
608;Exeggutor normal;FALSO;9000;2738;173;Confusión;15;VERDADERO;Rayo Solar;44;VERDADERO;3092;FALSO;3383
609;Exeggutor normal;FALSO;9000;2841;177;Confusión;15;VERDADERO;Psíquico;39;FALSO;3144;FALSO;3450
613;Metagross;FALSO;3500;2600;130;Cabezazo Zen;13;VERDADERO;Retribución;50;VERDADERO;3398;FALSO;3234
614;Swampert;FALSO;7000;2551;179;Pistola Agua;12;VERDADERO;Terremoto;47;VERDADERO;3227;FALSO;3202
615;Landorus Therian;FALSO;4000;2724;143;Paranormal;11;VERDADERO;Terremoto;47;VERDADERO;3471;FALSO;3328
616;Landorus Therian;FALSO;4000;2733;143;Paranormal;11;VERDADERO;Roca Afilada;44;VERDADERO;3455;FALSO;3311
621;Pyroar macho;FALSO;6000;2352;153;Colmillo Ígneo;16;VERDADERO;Sofoco;48;VERDADERO;3067;VERDADERO;3017
626;Hitmonchan;FALSO;8000;2011;109;Contraataque;16;VERDADERO;A Bocajarro;52;VERDADERO;2665;VERDADERO;2664
627;Landorus Therian;FALSO;4000;2739;144;Paranormal;11;VERDADERO;Roca Afilada;44;VERDADERO;3462;FALSO;3318
628;Delphox;FALSO;7000;2652;139;Arañazo;12;FALSO;Psíquico;39;VERDADERO;3223;FALSO;3199
632;Barbaracle;FALSO;7000;2350;139;Bofetón Lodo;13;VERDADERO;Cabezazo;42;FALSO;2952;VERDADERO;2929
633;Excadrill;FALSO;5000;2689;185;Bofetón Lodo;15;VERDADERO;Terremoto;47;VERDADERO;3458;FALSO;3370
636;Muk Normal;FALSO;9000;2529;183;Puya Nociva;15;VERDADERO;Lanzamugre;50;VERDADERO;2963;FALSO;3232
638;Staraptor;FALSO;8000;2537;161;Ataque Ala;12;VERDADERO;Pájaro Osado;54;VERDADERO;3226;FALSO;3226
639;Zapdos;FALSO;3500;2593;150;Rayo Carga;9;VERDADERO;Retribución;50;VERDADERO;3378;FALSO;3213
640;Aggron;FALSO;8000;2558;134;Antiaéreo;16;VERDADERO;Cuerpo Pesado;40;FALSO;3139;FALSO;3140
641;Excadrill;FALSO;8000;2872;192;Bofetón Lodo;15;VERDADERO;Cabeza de Hierro;38;FALSO;3491;FALSO;3488
642;Gyarados;FALSO;7000;2957;171;Dragoaliento;12;FALSO;Hidrobomba;39;VERDADERO;3570;FALSO;3539
644;Salamence;FALSO;5000;2925;161;Cola Dragón;16;VERDADERO;Enfado;34;FALSO;3580;FALSO;3486
646;Gardevoir;FALSO;8000;2743;136;Confusión;15;VERDADERO;Bola Sombra;33;FALSO;3265;FALSO;3263
647;Salamence;FALSO;9000;3413;175;Cola Dragón;16;VERDADERO;Enfado;34;FALSO;3630;FALSO;3988
648;Dragonite;FALSO;7000;3339;158;CoLa Dragón;16;VERDADERO;Cometa Draco;50;VERDADERO;4063;FALSO;4028
649;Dragonite;FALSO;5000;2913;155;Cola Dragón;16;VERDADERO;Cometa Draco;50;VERDADERO;3691;FALSO;3596
650;Dragonite;FALSO;5000;2885;154;Cola Dragón;16;VERDADERO;Cometa Draco;50;VERDADERO;3661;FALSO;3567
651;Dragonite;FALSO;3500;2684;146;Cola Dragón;16;VERDADERO;Cometa Draco;50;VERDADERO;3531;FALSO;3358
652;Vaporeon;FALSO;7000;2761;222;Pistola Agua;12;VERDADERO;Hidrobomba;47;VERDADERO;3487;FALSO;3455
654;Tyranitar;FALSO;11000;3945;193;Mordisco;14;VERDADERO;Retribución;50;VERDADERO;3412;FALSO;4653
655;Moltres;FALSO;3500;2371;143;Giro Bola;24;VERDADERO;Retribución;50;VERDADERO;3258;FALSO;3106
656;Aromatisse;FALSO;8000;2031;175;Encanto;16;VERDADERO;Fuerza Bruta;28;VERDADERO;2560;VERDADERO;2558
657;Yveltal;FALSO;4000;2679;173;Alarido;13;VERDADERO;Onda Certera;40;FALSO;3419;FALSO;3276
658;Zangoose;FALSO;8000;2164;142;Garra Umbría;13;VERDADERO;A Bocajarro;44;VERDADERO;2757;VERDADERO;2762
659;Victreebel;FALSO;7000;2105;154;Ácido;14;VERDADERO;Rayo Solar;44;VERDADERO;2742;VERDADERO;2723
660;Vaporeon;FALSO;9000;2800;224;Pistola Agua;12;VERDADERO;Hidrobomba;47;VERDADERO;3196;FALSO;3496
661;Vaporeon;FALSO;8000;2717;214;Pistola Agua;12;VERDADERO;Hidroariete;28;VERDADERO;3251;FALSO;3251
662;Vaporeon;FALSO;7000;2703;215;Pistola Agua;12;VERDADERO;Hidrobomba;47;VERDADERO;3421;FALSO;3390
663;Vaporeon;FALSO;6000;2662;211;Pistola Agua;12;VERDADERO;Hidrobomba;47;VERDADERO;3405;FALSO;3345
664;Flareon;FALSO;7000;2625;126;Ascuas;12;FALSO;Sofoco;48;VERDADERO;3259;FALSO;3231
666;Aggron;FALSO;7000;2665;140;Cola Férrea;16;VERDADERO;Roca Afilada;52;VERDADERO;3381;FALSO;3349
668;Machamp;FALSO;9000;2762;164;Contraataque;16;VERDADERO;A Bocajarro;52;VERDADERO;3179;FALSO;3470
669;Roserade;FALSO;9000;2656;125;Hoja Afilada;16;VERDADERO;Bomba Lodo;42;VERDADERO;2962;FALSO;3245
671;Slaking;FALSO;4500;3322;210;Bostezo;0;VERDADERO;Hiperrayo;47;VERDADERO;4052;FALSO;3908
673;Dragonite;FALSO;5000;3045;154;Dragoaliento;14;VERDADERO;Hiperrayo;40;FALSO;3726;FALSO;3631
678;Aggron;FALSO;8000;2720;137;Cola Férrea;16;VERDADERO;Roca Afilada;52;VERDADERO;3405;FALSO;3401
679;Aggron;FALSO;8000;2635;134;Cola Dragón;14;FALSO;Cuerpo Pesado;40;FALSO;3197;FALSO;3201
680;Aggron;FALSO;6000;2564;136;Cola Dragón;14;FALSO;Cuerpo Pesado;40;FALSO;3182;FALSO;3132
681;Snorlax;FALSO;5000;2547;245;Cabezazo Zen;11;VERDADERO;Cuerpo Pesado;33;FALSO;3229;FALSO;3144
685;Porygon-Z;FALSO;8000;2856;154;Poder Oculto;12;VERDADERO;Triataque;58;FALSO;3567;FALSO;3570
686;Blaziken;FALSO;8000;2489;151;Giro Fuego;15;VERDADERO;Onda Certera;48;FALSO;3146;FALSO;3144
687;Weavile;FALSO;5000;2351;131;Alarido;13;VERDADERO;Juego Sucio;42;VERDADERO;2997;VERDADERO;2922
689;Darmanitan - Standard;FALSO;8000;2669;184;Colmillo Ígneo;16;VERDADERO;Avalancha;30;VERDADERO;3217;FALSO;3217
690;Darmanitan - Standard;FALSO;7000;2661;181;Colmillo Ígneo;16;VERDADERO;Onda Certera;40;FALSO;3318;FALSO;3290
691;Darmanitan - Standard;FALSO;6000;2642;177;Colmillo Ígneo;16;VERDADERO;Sofoco;48;VERDADERO;3387;FALSO;3331
692;Arcanine;FALSO;8000;2702;166;Colmillo Ígneo;11;VERDADERO;Lanzallamas;38;VERDADERO;3301;FALSO;3301
693;Arcanine;FALSO;8000;2701;169;Colmillo Ígneo;11;VERDADERO;Llamarada;40;FALSO;3317;FALSO;3317
695;Roserade;FALSO;9000;2741;129;Hoja Afilada;16;VERDADERO;Hierba Lazo;42;VERDADERO;3040;FALSO;3334
697;Emboar;FALSO;8000;2709;191;Patada Baja;12;VERDADERO;Onda Ígnea;38;FALSO;3300;FALSO;3300
698;Machamp;FALSO;9000;2819;170;Contraataque;16;VERDADERO;A Bocajarro;52;VERDADERO;3235;FALSO;3533
701;Exeggutor normal;FALSO;9000;2715;171;Confusión;15;VERDADERO;Rayo Solar;44;VERDADERO;3070;FALSO;3358
703;Garchomp;FALSO;9000;3781;194;Cola Dragón;16;VERDADERO;Terremoto;47;VERDADERO;4082;FALSO;4479
705;Arcanine;FALSO;7000;2651;167;Colmillo Ígneo;16;VERDADERO;Voltio Cruel;35;FALSO;3251;FALSO;3226
710;Flygon;FALSO;7000;2303;146;Cola Dragón;16;VERDADERO;Roca Afilada;44;VERDADERO;2952;VERDADERO;2929
712;Flareon;FALSO;6000;2581;129;Giro Fuego;15;VERDADERO;Lanzallamas;38;FALSO;3191;FALSO;3134
713;Rampardos;FALSO;5000;2678;165;Antiaéreo;16;VERDADERO;Avalancha;36;VERDADERO;3340;FALSO;3259
717;Palkia;FALSO;4500;3111;144;Dragoaliento;14;VERDADERO;Hidrobomba;47;VERDADERO;3879;FALSO;3748
721;Flareon;FALSO;4000;2038;113;Giro Fuego;15;VERDADERO;Sofoco;48;FALSO;2764;VERDADERO;2655
722;Heatmor;FALSO;7000;2053;154;Giro Fuego;15;VERDADERO;Lanzallamas;38;VERDADERO;2656;VERDADERO;2631
724;Zacian;VERDADERO;4000;2816;141;Garra Metal;11;VERDADERO;Carantoña;37;FALSO;3494;FALSO;3341
726;Rhyperior;FALSO;9000;3459;197;Bofetón Lodo;15;VERDADERO;Terratemblor;27;VERDADERO;3634;FALSO;3992
727;Rhyperior;FALSO;9000;3464;197;Antiaéreo;16;VERDADERO;Roca Afilada;52;VERDADERO;3840;FALSO;4205
728;Roserade;FALSO;9000;2723;128;Hoja Afilada;16;VERDADERO;Rayo Solar;44;VERDADERO;3043;FALSO;3331
732;Zamazenta;VERDADERO;3000;2303;125;Ataque Rápido;10;VERDADERO;Fuerza Lunar;33;FALSO;2944;VERDADERO;2772
733;Snorlax;FALSO;5000;2538;243;Lengüetazo;10;VERDADERO;Cabezazo;50;VERDADERO;3347;FALSO;3261
737;Flareon;FALSO;7000;2663;134;Giro Fuego;15;VERDADERO;Lanzallamas;38;FALSO;3252;FALSO;3221
738;Vaporeon;FALSO;5000;2528;212;Pistola Agua;12;VERDADERO;Hidrobomba;47;VERDADERO;3296;FALSO;3212
739;Golem Normal;FALSO;7000;2587;149;Bofetón Lodo;15;VERDADERO;Roca Afilada;52;VERDADERO;3305;FALSO;3272
741;Hippodown;FALSO;6000;2598;185;Colmillo Ígneo;13;VERDADERO;Tierra Viva;33;FALSO;3212;FALSO;3151
746;Slaking;FALSO;10000;4329;234;Bostezo;0;VERDADERO;Hiperrayo;47;VERDADERO;4030;FALSO;4942
748;Ursaluna;FALSO;9000;3577;217;Placaje;12;VERDADERO;Puño Fuego;25;VERDADERO;3711;FALSO;4090
750;Excadrill;FALSO;7000;2908;193;Bofetón Lodo;15;VERDADERO;Cabeza de Hierro;38;FALSO;3559;FALSO;3525
752;Delphox;FALSO;7000;2703;146;Giro Fuego;15;VERDADERO;Lanzallamas;38;VERDADERO;3305;FALSO;3273
755;Aggron;FALSO;7000;2495;134;Antiaéreo;16;VERDADERO;Roca Afilada;52;VERDADERO;3201;FALSO;3173
759;Zarude;VERDADERO;3000;2050;162;Mordisco;14;VERDADERO;Latigazo;42;VERDADERO;2784;VERDADERO;2612
760;Snorlax;FALSO;9000;2909;265;Lengüetazo;10;VERDADERO;Hiperrayo;47;VERDADERO;3316;FALSO;3630
761;Excadrill;FALSO;7000;2816;192;Garra Metal;14;VERDADERO;Terremoto;47;VERDADERO;3521;FALSO;3496
762;Genesect;VERDADERO;3000;2007;115;Garra Metal;14;VERDADERO;Hiperrayo;40;VERDADERO;2696;VERDADERO;2554
768;Giratina Altered;VERDADERO;3000;2045;183;Dragoaliento;14;VERDADERO;Garra Dragón;35;VERDADERO;2781;VERDADERO;2620
769;Slaking;FALSO;9000;4152;226;Bostezo;0;VERDADERO;Hiperrayo;47;VERDADERO;4319;FALSO;4754
770;Charizard;FALSO;8000;2500;146;Tajo Aéreo;14;VERDADERO;Sofoco;48;VERDADERO;3142;FALSO;3142
774;Excadrill;FALSO;8000;2883;193;Bofetón Lodo;15;VERDADERO;Cabeza de Hierro;38;FALSO;3503;FALSO;3500
777;Golem Normal;FALSO;6000;2576;150;Bofetón Lodo;15;VERDADERO;Terremoto;47;VERDADERO;3278;FALSO;3222
778;Trevenant;FALSO;6000;2104;149;Garra Umbría;15;VERDADERO;Juego Sucio;35;FALSO;2702;VERDADERO;2653
779;Gourgeist;FALSO;8000;2012;117;Hoja Afilada;16;VERDADERO;Bola Sombra;40;VERDADERO;2573;VERDADERO;2577
780;Rhyperior;FALSO;9000;3516;204;Antiaéreo;16;VERDADERO;Terremoto;47;VERDADERO;3849;FALSO;4224
783;Clawitzer;FALSO;5000;2246;137;Antiaéreo;13;VERDADERO;martillazo;54;VERDADERO;2990;VERDADERO;2919
784;Darmanitan - Standard;FALSO;3500;2048;159;Colmillo Ígneo;16;VERDADERO;Psíquico;32;VERDADERO;2724;VERDADERO;2591
786;Magmortar;FALSO;6000;2626;137;Giro Fuego;15;VERDADERO;Arenas Ardientes;30;VERDADERO;3180;FALSO;3125
789;Typhlosion;FALSO;7000;2623;151;Ascuas;12;FALSO;Sofoco;48;VERDADERO;3282;FALSO;3254
790;Slaking;FALSO;9000;4166;229;Bostezo;0;VERDADERO;Hiperrayo;47;VERDADERO;4335;FALSO;4771
791;Conkeldurr;FALSO;12000;3457;200;Contraataque;16;VERDADERO;Roca Afilada;44;FALSO;1938;FALSO;4137
792;Cresselia;FALSO;4000;2007;182;Confusión;15;VERDADERO;Hierba Lazo;35;FALSO;2695;VERDADERO;2589
795;Masquerain;FALSO;7000;2015;138;Tajo Aéreo;14;VERDADERO;Aire Afilado;27;VERDADERO;2500;VERDADERO;2481
797;Reshiram;FALSO;4000;2803;144;Dragoaliento;14;VERDADERO;Cometa Draco;50;VERDADERO;3610;FALSO;3459
802;Lugia;FALSO;3500;2546;162;Cola Dragón;14;VERDADERO;Retribución;50;VERDADERO;3379;FALSO;3220
803;Lugia;VERDADERO;3500;2429;161;Paranormal;13;VERDADERO;Aerochorro;96;VERDADERO;3618;FALSO;3462
804;Metagross;FALSO;8000;3633;159;Cabezazo Zen;13;VERDADERO;Retribución;50;VERDADERO;4297;FALSO;4297
807;Rhyperior;FALSO;9000;3500;205;Antiaéreo;16;VERDADERO;Terremoto;47;VERDADERO;3836;FALSO;4209
809;Ursaring;FALSO;6000;2508;163;Contraataque;13;VERDADERO;A Bocajarro;44;VERDADERO;3179;FALSO;3127
810;Dragonite;FALSO;8000;3537;167;Cola Dragón;16;VERDADERO;Hiperrayo;40;VERDADERO;4151;FALSO;4152
811;Dragonite;FALSO;5000;2964;161;Cola Dragón;16;VERDADERO;Hiperrayo;40;FALSO;3665;FALSO;3573
815;Garchomp;FALSO;9000;3691;196;Cola Dragón;16;VERDADERO;Llamarada;33;VERDADERO;3895;FALSO;4279
816;Machamp;FALSO;7000;2586;161;Contraataque;16;VERDADERO;Vendetta;46;VERDADERO;3270;FALSO;3243
818;Reshiram;FALSO;4000;2849;146;Colmillo Ígneo;16;VERDADERO;Cometa Draco;50;VERDADERO;3673;FALSO;3523
819;Dragalge;FALSO;6000;2000;131;Cola Dragón;16;VERDADERO;Hidrobomba;39;FALSO;2619;VERDADERO;2571
820;Noivern;FALSO;7000;2403;156;Mordisco;12;VERDADERO;Vendaval;49;VERDADERO;3071;VERDADERO;3047
822;Mamoswine;FALSO;4000;2545;181;Bofetón Lodo;15;VERDADERO;Retribución;50;VERDADERO;3386;FALSO;3250
824;Delphox;FALSO;6000;2571;143;Giro Fuego;15;VERDADERO;Llamarada;40;VERDADERO;3210;FALSO;3154
828;Blaziken;FALSO;4500;2031;134;Giro Fuego;15;VERDADERO;Patada Ígnea;45;FALSO;2734;VERDADERO;2645
836;Arcanine;FALSO;8000;2742;160;Colmillo Ígneo;16;VERDADERO;Voltio Cruel;35;FALSO;3306;FALSO;3310
837;Blaziken;FALSO;8000;2515;149;Contraataque;16;VERDADERO;Onda Certera;48;FALSO;3176;FALSO;3176
838;Feraligatr;FALSO;4000;2090;147;Cascada;16;VERDADERO;Retribución;50;VERDADERO;2877;VERDADERO;2765
841;Regirock;FALSO;4000;2180;133;Lanzarrocas;16;VERDADERO;Electrocañón;38;FALSO;2859;VERDADERO;2745
844;Regice;FALSO;4000;2182;134;Vaho Gélido;13;VERDADERO;Trueno;42;FALSO;2872;VERDADERO;2756
849;Venusaur;FALSO;9000;2523;156;Látigo Cepa;14;VERDADERO;Bomba Lodo;42;FALSO;2858;FALSO;3127
850;Glaceon;FALSO;8000;2739;129;Canto Helado;12;VERDADERO;Alud;40;VERDADERO;3284;FALSO;3284
852;Heliolisk;FALSO;5000;2041;122;Bofetón Lodo;13;VERDADERO;Rayo;38;VERDADERO;2638;VERDADERO;2571
855;Musharna;FALSO;7000;2403;201;Cabezazo Zen;13;VERDADERO;Premonición;53;VERDADERO;3161;FALSO;3132
856;Florges - Red;FALSO;4000;2230;128;Hoja Afilada;13;VERDADERO;Tormenta Floral;42;VERDADERO;2918;VERDADERO;2798
857;Gumshoos;FALSO;9000;2007;165;Mordisco;12;VERDADERO;Hipercolmillo;38;VERDADERO;2358;VERDADERO;2572
859;Tapu Koko;FALSO;4000;2219;122;Voltiocambio;11;VERDADERO;Trueno;50;VERDADERO;2943;VERDADERO;2829
860;Entei;VERDADERO;3500;2245;170;Colmillo Ígneo;16;VERDADERO;Llamarada;40;VERDADERO;2814;VERDADERO;2659
861;Raikou;FALSO;3000;2007;134;Impactrueno;10;VERDADERO;Bola Sombra;33;FALSO;2637;VERDADERO;2485
863;Aggron;FALSO;8000;2659;137;Antiaéreo;16;VERDADERO;Cuerpo Pesado;40;FALSO;3243;FALSO;3244
866;Primarina;FALSO;5000;2539;141;Cascada;16;VERDADERO;Hidrobomba;47;VERDADERO;3266;FALSO;3184
867;Rhyperior;FALSO;9000;3396;202;Antiaéreo;16;VERDADERO;Surf;38;FALSO;3671;FALSO;4030
871;Incineroar;FALSO;6000;2571;164;Alarido;13;VERDADERO;Patada Ígnea;45;FALSO;3254;FALSO;3199
876;Clefable;FALSO;8000;2229;173;Encanto;16;VERDADERO;Fuerza Lunar;40;VERDADERO;2849;VERDADERO;2850
878;Emboar;FALSO;8000;2614;188;Ascuas;12;FALSO;Onda Certera;48;FALSO;3282;FALSO;3282
880;Electrode Hisuain;FALSO;8000;2005;129;Impactrueno;10;VERDADERO;Voltio Cruel;42;VERDADERO;2546;VERDADERO;2550
882;Sandslash Alola;FALSO;5000;2019;141;Garra Umbría;13;FALSO;Ventisca;50;VERDADERO;2730;VERDADERO;2664
883;Oricorio;FALSO;7000;2018;145;Destructor;12;FALSO;Vendaval;49;VERDADERO;2669;VERDADERO;2651
884;Hitmonlee;FALSO;8000;2380;115;Patada Baja;12;VERDADERO;Roca Afilada;44;FALSO;2939;VERDADERO;2943
891;Lilligant;FALSO;5000;2021;134;Encanto;13;VERDADERO;Hiperrayo;40;FALSO;2642;VERDADERO;2579
894;Slaking;FALSO;7000;3767;220;Bostezo;0;VERDADERO;Terremoto;39;FALSO;4338;FALSO;4299
896;Granbull;FALSO;8000;2311;162;Encanto;16;VERDADERO;A Bocajarro;44;VERDADERO;2949;VERDADERO;2953
898;Tapu Lele;FALSO;4000;2429;122;Confusión;15;VERDADERO;Premonición;53;VERDADERO;3225;FALSO;3095
902;Charizard;FALSO;7000;2581;148;Giro Fuego;15;VERDADERO;Sofoco;48;VERDADERO;3262;FALSO;3233
905;Exeggutor normal;FALSO;6000;2576;167;Confusión;15;VERDADERO;Psíquico;39;FALSO;3226;FALSO;3175
914;Tapu Bulu;VERDADERO;4000;2499;127;Golpe Roca;12;VERDADERO;Megacuerno;50;FALSO;3249;FALSO;3122
915;Emboar;FALSO;7000;2554;191;Patada Baja;12;VERDADERO;Onda Ígnea;38;FALSO;3173;FALSO;3145
916;Regigigas;FALSO;4000;2993;154;Poder Oculto;12;VERDADERO;Gigaimpacto;51;VERDADERO;3809;FALSO;3651
923;Oranguru;FALSO;5000;2010;159;Cabezazo Zen;13;VERDADERO;Juego Sucio;35;FALSO;2619;VERDADERO;2553
926;Glaceon;FALSO;9000;2929;136;Canto Helado;12;VERDADERO;Rayo Hielo;33;FALSO;3117;FALSO;3425
929;Latias;FALSO;3500;2411;134;Cabezazo Zen;13;VERDADERO;Retribución;50;VERDADERO;3202;VERDADERO;3049
931;Toucannon;FALSO;8000;2421;151;Picotazo;12;VERDADERO;Foco Resplandor;37;VERDADERO;2964;VERDADERO;2964
932;Golem Normal;FALSO;8000;2544;147;Bofetón Lodo;15;VERDADERO;Terremoto;47;VERDADERO;3188;FALSO;3187
937;Gyarados;VERDADERO;3500;2329;148;Dragoaliento;12;FALSO;Retribución;50;VERDADERO;3122;VERDADERO;2973
943;Charizard;FALSO;8000;2567;152;Tajo Aéreo;14;VERDADERO;Sofoco;48;VERDADERO;3215;FALSO;3215
944;Gyarados;FALSO;6000;2900;166;Mordisco;12;FALSO;Hidrobomba;39;VERDADERO;3539;FALSO;3477
946;Flareon;FALSO;6000;2548;126;Giro Fuego;15;VERDADERO;Sofoco;48;VERDADERO;3233;FALSO;3178
947;Thundurus Incarnate;FALSO;3000;2002;123;Impactrueno;10;VERDADERO;Trueno;50;VERDADERO;2754;VERDADERO;2605
948;Wailord;FALSO;8000;2000;274;Pistola Agua;12;VERDADERO;Hiperrayo;40;FALSO;2686;VERDADERO;2690
950;Golem Alola;FALSO;5000;2362;148;Desenrrollar;19;VERDADERO;Voltio Cruel;42;FALSO;3066;VERDADERO;2998
956;Tangrowth;FALSO;9000;2820;181;Látigo Cepa;14;VERDADERO;Bomba Lodo;35;FALSO;3092;FALSO;3393
963;Exeggutor normal;FALSO;7000;2577;167;Confusión;15;VERDADERO;Psíquico;39;FALSO;3200;FALSO;3176
975;Sawsbuck - Summer;FALSO;7000;2081;147;Finta;11;VERDADERO;Megacuerno;50;VERDADERO;2739;VERDADERO;2716
977;Slowking;FALSO;5000;2081;168;Confusión;15;VERDADERO;Llamarada;33;FALSO;2703;VERDADERO;2633
981;Lapras;FALSO;4500;2021;200;Pistola Agua;12;VERDADERO;Rayo Hielo;33;FALSO;2668;VERDADERO;2581
985;Emboar;FALSO;8000;2669;191;Patada Baja;12;VERDADERO;Onda Certera;48;FALSO;3340;FALSO;3340
986;Nihilego;VERDADERO;3500;2625;161;Ácido;14;VERDADERO;Bomba Lodo;42;FALSO;3396;FALSO;3234
987;Aggron;FALSO;7000;2661;141;Cola Dragón;14;FALSO;Cuerpo Pesado;40;FALSO;3258;FALSO;3234
989;Rampardos;FALSO;7000;2718;170;Antiaéreo;16;VERDADERO;Lanzallamas;32;VERDADERO;3299;FALSO;3272
990;Rampardos;FALSO;7000;2879;169;Antiaéreo;16;VERDADERO;Avalancha;36;VERDADERO;3490;FALSO;3464
991;Rampardos;FALSO;9000;3059;177;Antiaéreo;16;VERDADERO;Lanzallamas;32;VERDADERO;3294;FALSO;3618
992;Leafeon;FALSO;8000;2595;132;Hoja Afilada;16;VERDADERO;Rayo Solar;44;VERDADERO;3204;FALSO;3207
994;Golem Normal;FALSO;5000;2494;149;Bofetón Lodo;15;VERDADERO;Roca Afilada;52;VERDADERO;3264;FALSO;3179
999;Omastar;FALSO;8000;2493;137;Pistola Agua;12;FALSO;Hidrobomba;47;VERDADERO;3104;FALSO;3102
1003;Cradily;FALSO;8000;2002;160;Ácido;11;VERDADERO;Roca Afilada;52;VERDADERO;2670;VERDADERO;2666
1004;Mewtwo;FALSO;4000;3092;154;Confusión;15;VERDADERO;Bola Sombra;33;FALSO;3795;FALSO;3630
1005;Dragonite;FALSO;4500;2834;154;Cola Dragón;16;VERDADERO;Enfado;34;FALSO;3509;FALSO;3388
1007;Magmortar;FALSO;7000;2621;142;Giro Fuego;15;VERDADERO;Llamarada;32;VERDADERO;3232;FALSO;3205
1009;Rhyperior;FALSO;8000;3320;201;Bofetón Lodo;15;VERDADERO;Terratemblor;27;VERDADERO;3865;FALSO;3865
1013;Mewtwo;FALSO;4000;2900;150;Confusión;15;VERDADERO;Bola Sombra;33;FALSO;3589;FALSO;3434
1015;Slaking;FALSO;4000;3225;203;Bostezo;0;VERDADERO;Hiperrayo;47;VERDADERO;3979;FALSO;3804
1018;Slaking;FALSO;4500;3349;207;Bostezo;0;VERDADERO;Hiperrayo;47;VERDADERO;4077;FALSO;3932
1020;Excadrill;FALSO;6000;2701;182;Bofetón Lodo;15;VERDADERO;Taladradora;34;FALSO;3339;FALSO;3275
1022;Golisopod;FALSO;10000;3098;153;Cascada;16;VERDADERO;Tijera X;34;VERDADERO;2998;FALSO;3651
1024;Hydreigon;FALSO;3500;2193;137;Dragoaliento;12;VERDADERO;Giro vil;41;VERDADERO;2894;VERDADERO;2754
1026;Hydreigon;FALSO;4500;2662;147;Mordisco;14;VERDADERO;Giro vil;41;VERDADERO;3365;FALSO;3249
1027;Hydreigon;FALSO;4500;2717;151;Mordisco;14;VERDADERO;Giro vil;41;FALSO;3426;FALSO;3308
1028;Hydreigon;FALSO;4500;2738;158;Dragoaliento;12;VERDADERO;Giro vil;41;VERDADERO;3436;FALSO;3320
1029;Hydreigon;FALSO;5000;2849;159;Mordisco;14;VERDADERO;Giro vil;41;FALSO;3542;FALSO;3448
1030;Hydreigon;FALSO;5000;2963;162;Mordisco;14;VERDADERO;Giro vil;41;VERDADERO;3662;FALSO;3569
1031;Hydreigon;FALSO;6000;2991;162;Dragoaliento;12;VERDADERO;Giro vil;41;VERDADERO;3640;FALSO;3577
1032;Hydreigon;FALSO;7000;3159;164;Dragoaliento;12;VERDADERO;Giro vil;41;VERDADERO;3781;FALSO;3747
1033;Hydreigon;FALSO;7000;3058;164;Dragoaliento;12;VERDADERO;Giro vil;41;VERDADERO;3679;FALSO;3646
1034;Hydreigon;FALSO;8000;3267;168;Mordisco;14;VERDADERO;Giro vil;41;VERDADERO;3879;FALSO;3875
1035;Hydreigon;FALSO;9000;3256;180;Dragoaliento;12;VERDADERO;Giro vil;41;VERDADERO;3517;FALSO;3860
1036;Hydreigon;FALSO;9000;3301;173;Mordisco;14;VERDADERO;Giro vil;41;VERDADERO;3570;FALSO;3914
1037;Vaporeon;FALSO;5000;2586;209;Pistola Agua;12;VERDADERO;Hidrobomba;47;VERDADERO;3353;FALSO;3267
1040;Mewtwo;FALSO;4000;2926;152;Confusión;15;VERDADERO;Onda mental;24;VERDADERO;3544;FALSO;3390
1041;Golem Normal;FALSO;7000;2558;146;Lanzarrocas;16;VERDADERO;Roca Afilada;52;VERDADERO;3276;FALSO;3248
1042;Machamp;FALSO;5000;2521;155;Contraataque;16;VERDADERO;A Bocajarro;52;VERDADERO;3302;FALSO;3220
1046;Vileplume;FALSO;7000;2310;145;Hoja Afilada;16;VERDADERO;Rayo Solar;44;VERDADERO;2957;VERDADERO;2935
1054;Rhyperior;FALSO;9000;3435;204;Antiaéreo;16;VERDADERO;Terratemblor;27;VERDADERO;3623;FALSO;3983
1056;Slaking;FALSO;9000;4180;229;Bostezo;0;VERDADERO;Hiperrayo;47;VERDADERO;4347;FALSO;4788
1060;Heracross;FALSO;9000;2785;149;Contraataque;16;VERDADERO;Terremoto;39;FALSO;3079;FALSO;3374
1063;Staraptor;FALSO;7000;2496;154;Tornado;16;FALSO;A Bocajarro;44;VERDADERO;3149;FALSO;3130
1064;Staraptor;FALSO;8000;2516;153;Tornado;16;FALSO;Pájaro Osado;54;VERDADERO;3226;FALSO;3229
1066;Throh;FALSO;6000;2133;198;Patada Baja;12;VERDADERO;Onda Certera;48;FALSO;2858;VERDADERO;2811
1069;Exeggutor normal;FALSO;8000;2663;171;Confusión;15;VERDADERO;Psíquico;39;FALSO;3262;FALSO;3262
1070;Garchomp;FALSO;9000;3711;189;Cola Dragón;16;VERDADERO;Enfado;34;VERDADERO;3911;FALSO;4300
1071;Latios;VERDADERO;3500;2665;136;Dragoaliento;14;VERDADERO;Retribución;50;VERDADERO;3484;FALSO;3313
1072;Machamp;FALSO;7000;2644;165;Contraataque;16;VERDADERO;Puño Dinámico;40;FALSO;3284;FALSO;3257
1073;Gyarados;FALSO;5000;2688;159;Cascada;13;VERDADERO;Hidrobomba;39;VERDADERO;3354;FALSO;3263
1082;Aggron;FALSO;6000;2601;136;Cola Dragón;14;FALSO;Roca Afilada;52;VERDADERO;3318;FALSO;3265
1083;Aggron;FALSO;7000;2585;132;Antiaéreo;16;VERDADERO;Roca Afilada;52;VERDADERO;3289;FALSO;3261
1084;Roserade;FALSO;9000;2741;131;Hoja Afilada;16;VERDADERO;Hierba Lazo;42;VERDADERO;3042;FALSO;3336
1085;Garchomp;FALSO;9000;3663;194;Cola Dragón;16;VERDADERO;Tierra Viva;33;VERDADERO;3869;FALSO;4249
1091;Donphan;FALSO;8000;2684;169;Bofetón Lodo;15;VERDADERO;Cuerpo Pesado;33;FALSO;3243;FALSO;3221
1098;Obstagoon;FALSO;7000;2359;168;Contraataque;13;VERDADERO;Hiperrayo;47;VERDADERO;3038;VERDADERO;3007
1099;Florges - Orange;FALSO;7000;2734;144;Hoja Afilada;13;VERDADERO;Tormenta Floral;42;VERDADERO;3349;FALSO;3320
1101;Seaking;FALSO;9000;2009;157;Cascada;16;VERDADERO;Megacuerno;50;VERDADERO;2477;VERDADERO;2694
1102;Kangaskhan;FALSO;5000;2006;174;Bofetón Lodo;13;VERDADERO;Terremoto;39;VERDADERO;2660;VERDADERO;2596
1103;Decidueye;FALSO;8000;2423;150;Hoja Afilada;16;VERDADERO;Pájaro Osado;45;VERDADERO;3058;VERDADERO;3061
1108;Sigilyph;FALSO;5000;2021;137;Cabezazo Zen;13;VERDADERO;Psicorrayo;26;VERDADERO;2538;VERDADERO;2470
1111;Togekiss;FALSO;9000;3080;162;Encanto;16;VERDADERO;Lanzallamas;32;VERDADERO;3300;FALSO;3624
1112;Braviary;FALSO;6000;2574;171;Tajo Aéreo;14;VERDADERO;A Bocajarro;44;FALSO;3260;FALSO;3209
1113;Forretress;FALSO;8000;2048;146;Picadura;12;VERDADERO;Terremoto;39;VERDADERO;2601;VERDADERO;2602
1117;Buzzwole;FALSO;4000;2550;155;Contraataque;16;VERDADERO;Fuerza Bruta;34;VERDADERO;3240;FALSO;3073
1120;Nihilego;FALSO;4000;2736;167;Destructor;12;FALSO;Bomba Lodo;42;VERDADERO;3476;FALSO;3287
1129;Florges . Yellow;FALSO;9000;2983;150;Viento Feérico;13;VERDADERO;Tormenta Floral;42;VERDADERO;3265;FALSO;3578
1130;Amoonguss;FALSO;9000;2005;204;Finta;11;VERDADERO;Juego Sucio;35;FALSO;2357;VERDADERO;2577
1133;Golurk;FALSO;7000;2448;161;Bofetón Lodo;15;VERDADERO;Tierra Viva;33;VERDADERO;3026;VERDADERO;2993
1141;Accelgor;FALSO;6000;2014;145;Ácido;11;VERDADERO;Onda Certera;40;VERDADERO;2613;VERDADERO;2567
1143;Slaking;VERDADERO;3000;2643;181;Bostezo;0;VERDADERO;Terremoto;39;FALSO;3333;FALSO;3135
1145;Bellibol;FALSO;5000;2111;180;Impactrueno;10;VERDADERO;Chispazo;31;VERDADERO;2689;VERDADERO;2619
1146;Salamence;FALSO;8000;3391;147;Colmillo Ígneo;13;FALSO;Hidrobomba;39;FALSO;3960;FALSO;3954
1148;Florges - Blue;FALSO;4500;2318;137;Hoja Afilada;13;FALSO;Tormenta Floral;42;VERDADERO;2996;VERDADERO;2895
1151;Stoutland;FALSO;5000;2208;149;Lengüetazo;10;VERDADERO;Carantoña;31;VERDADERO;2756;VERDADERO;2685
1152;Regigigas;VERDADERO;3500;3090;157;Poder Oculto;12;VERDADERO;Retribución;60;VERDADERO;4018;FALSO;3823
1154;Skeledirge;FALSO;8000;2676;182;Calcinación;16;VERDADERO;Lanzallamas;38;FALSO;3288;FALSO;3290
1155;Arboliva;FALSO;4000;2051;127;Hoja Afilada;16;VERDADERO;Tierra Viva;28;VERDADERO;2634;FALSO;2525
1159;Absol;FALSO;5000;2012;127;Alarido;13;VERDADERO;Megacuerno;50;FALSO;2708;VERDADERO;2643
1162;Oinkologne;FALSO;7000;2210;185;Derribo;8;VERDADERO;Abrecaminos;54;VERDADERO;2919;VERDADERO;2891
1165;Pawmot;FALSO;5000;2001;126;Patada Baja;12;VERDADERO;A Bocajarro;52;VERDADERO;2704;VERDADERO;2641
1166;Quaquaval;FALSO;5000;2460;152;Pistola Agua;12;VERDADERO;A Bocajarro;52;VERDADERO;3204;FALSO;3124
1172;Avalugg;FALSO;6000;2654;169;Mordisco;12;VERDADERO;Alud;40;VERDADERO;3295;FALSO;3239
1175;Haxorus;FALSO;4000;2604;134;Cola Dragón;16;VERDADERO;Vasto Impacto;75;FALSO;3605;FALSO;3466
1177;Cryogonal;FALSO;4500;2029;138;Vaho Gélido;13;VERDADERO;Triple Axel;43;VERDADERO;2706;VERDADERO;2615
1178;Wyrdeer;FALSO;4000;2014;165;Cabezazo Zen;13;VERDADERO;Voltio Cruel;35;FALSO;2669;VERDADERO;2563
1180;Crabominable;FALSO;8000;2546;172;Golpe Roca;14;VERDADERO;Vendetta;46;VERDADERO;3196;FALSO;3198
1182;Darmanitan - Standard;FALSO;5000;2481;173;Calcinación;16;VERDADERO;Sofoco;48;VERDADERO;3242;FALSO;3166
1183;Darmanitan - Standard;FALSO;6000;2538;178;Colmillo Ígneo;16;VERDADERO;Sofoco;48;VERDADERO;3282;FALSO;3228
1186;Passimian;FALSO;8000;2649;175;Contraataque;16;VERDADERO;A Bocajarro;52;VERDADERO;3369;FALSO;3368
1191;Espeon;FALSO;7000;2705;129;Cabezazo Zen;13;FALSO;Psíquico;39;FALSO;3275;FALSO;3250
1194;Machamp;FALSO;7000;2676;161;Contraataque;16;VERDADERO;Cuerpo Pesado;33;FALSO;3259;FALSO;3229
1195;Metagross;FALSO;8000;3351;149;Puño Bala;12;VERDADERO;Foco Resplandor;44;VERDADERO;3951;FALSO;3948
1199;Gardevoir;FALSO;8000;2759;140;Confusión;15;VERDADERO;Bola Sombra;33;FALSO;3285;FALSO;3251
1200;Gardevoir;FALSO;7000;2705;136;Encanto;16;VERDADERO;Brillo Mágico;34;VERDADERO;3272;FALSO;3201
1201;Vikavolt;FALSO;6000;2590;139;Picadura;12;VERDADERO;Vuelo;44;FALSO;3235;FALSO;3177
1209;Greninja;FALSO;5000;2064;128;Burbuja;11;VERDADERO;Surf;46;VERDADERO;2720;VERDADERO;2655
1210;Rhyperior;FALSO;3500;2485;168;Bofetón Lodo;15;VERDADERO;Surf;38;FALSO;3242;FALSO;3077
1211;Annihilape;FALSO;8000;2983;195;Contraataque;16;VERDADERO;Bola Sombra;40;FALSO;3625;FALSO;3626
1221;Ursaluna;FALSO;8000;3532;219;Golpe Roca;12;VERDADERO;Golpe Aéreo;23;VERDADERO;4026;FALSO;4031
1222;Ursaluna;FALSO;8000;3402;218;Placaje;12;VERDADERO;Puño Hielo;26;VERDADERO;3926;FALSO;3924
1223;Ursaluna;FALSO;8000;3407;220;Golpe Roca;12;VERDADERO;Abrecaminos;54;FALSO;4155;FALSO;4155
1224;Annihilape;FALSO;8000;2965;194;Patada Baja;12;FALSO;A Bocajarro;52;VERDADERO;3673;FALSO;3673
1225;Annihilape;FALSO;8000;2910;191;Contraataque;16;VERDADERO;Tajo Umbrío;23;VERDADERO;3410;FALSO;3410
1230;Latios;FALSO;4000;2671;135;Dragoaliento;14;VERDADERO;Psíquico;39;VERDADERO;3370;FALSO;3230
1233;Dragonite;FALSO;8000;3281;166;Ala de Acero;14;FALSO;Vendaval;49;VERDADERO;3948;FALSO;3951
1234;Machamp;FALSO;7000;2599;162;Contraataque;16;VERDADERO;Cuerpo Pesado;33;FALSO;3183;FALSO;3153
1238;Garchomp;FALSO;6000;3394;187;Cola Dragón;16;VERDADERO;Tierra Viva;33;FALSO;4050;FALSO;3978
1242;Kyogre;FALSO;3500;2992;148;Cascada;16;VERDADERO;Retribución;50;VERDADERO;3856;FALSO;3668
1243;Gliscor;FALSO;4500;2027;136;Ataque Aéreo;48;VERDADERO;Terremoto;47;VERDADERO;3007;VERDADERO;2923
1245;Scrafty;FALSO;8000;2001;131;Alarido;13;FALSO;Juego Sucio;42;VERDADERO;2572;VERDADERO;2572
1246;Baxcalibur;VERDADERO;3500;2289;153;Dragoaliento;14;VERDADERO;Ventisca;50;VERDADERO;2877;VERDADERO;2697
1247;Dragonite;FALSO;5000;3025;158;Dragoaliento;14;VERDADERO;Garra Dragón;35;FALSO;3676;FALSO;3575
1251;Decidueye - Hisui;FALSO;4500;2179;148;Hoja mágica;14;VERDADERO;Abrecaminos;65;VERDADERO;3052;VERDADERO;2959
1258;Enamorus Avatar;FALSO;4000;2419;129;Viento Feérico;13;VERDADERO;Brillo Mágico;34;VERDADERO;3057;VERDADERO;2924
1260;Palkia Hisui;VERDADERO;2500;2345;120;Dragoaliento;14;VERDADERO;Llamarada;33;FALSO;3044;VERDADERO;2841
1264;Dialga Hisui;VERDADERO;3000;2531;137;Dragoaliento;14;VERDADERO;Trueno;42;FALSO;3075;VERDADERO;2880
1265;Salamence;FALSO;5000;3104;161;Mordisco;12;FALSO;Hidrobomba;33;VERDADERO;3774;FALSO;3676
1267;Garchomp;FALSO;7000;3500;188;Cola Dragón;10;VERDADERO;Llamarada;33;FALSO;4122;FALSO;4085
1268;Garchomp;FALSO;5000;3186;180;Cola Dragón;10;VERDADERO;Terremoto;47;VERDADERO;3971;FALSO;3870
1270;Machamp;FALSO;8000;2715;162;Contraataque;10;VERDADERO;Tajo Cruzado;40;FALSO;3324;FALSO;3324
1271;Gyarados;FALSO;5000;2724;158;Dragoaliento;12;FALSO;Hidrobomba;22;VERDADERO;3240;FALSO;3154
1273;Primarina;FALSO;7000;2788;151;Cascada;16;VERDADERO;Hidrocañón;57;VERDADERO;3551;FALSO;3522
1274;Primarina;FALSO;6000;2727;144;Encanto;16;VERDADERO;Hidrocañón;57;VERDADERO;3511;FALSO;3454
1275;Primarina;FALSO;4000;2262;137;Cascada;16;VERDADERO;Hidrocañón;57;VERDADERO;3102;VERDADERO;2983
1277;Flareon;FALSO;7000;2655;129;Ascuas;12;FALSO;Llamarada;40;FALSO;3228;FALSO;3200
1279;Archeops;FALSO;3500;2347;128;Ala de Acero;14;VERDADERO;Retribución;50;VERDADERO;3134;VERDADERO;2987
1283;Bewear;FALSO;7000;2792;204;Patada Baja;12;VERDADERO;Vendetta;46;VERDADERO;3490;FALSO;3460
1285;Hydreigon;FALSO;5000;2768;158;Dragoaliento;12;VERDADERO;Pulso Umbrío;25;VERDADERO;3366;FALSO;3278
1286;Tyrantrum;FALSO;5000;2538;147;Lanzarrocas;16;VERDADERO;Rayo Meteórico;88;VERDADERO;3601;FALSO;3520
1290;Rillaboom;FALSO;7000;2929;179;Hoja Afilada;16;VERDADERO;Energibola;28;VERDADERO;3486;FALSO;3455
1291;Arcanine Hisuian;FALSO;6000;2698;168;Colmillo Ígneo;16;VERDADERO;Lanzallamas;38;VERDADERO;3356;FALSO;3299
1292;Magmortar;FALSO;8000;2805;143;Giro Fuego;15;VERDADERO;Llamarada;40;VERDADERO;3390;FALSO;3390
1297;Inteleon;FALSO;7000;2589;136;Pistola Agua;12;VERDADERO;Surf;46;VERDADERO;3215;FALSO;3188
1298;Hydreigon;FALSO;4500;2676;151;Mordisco;14;VERDADERO;Foco Resplandor;37;VERDADERO;3351;FALSO;3238
1304;Snorlax;FALSO;5000;2583;248;Lengüetazo;10;VERDADERO;Hiperrayo;47;VERDADERO;3375;FALSO;3290
1306;Haxorus;FALSO;4500;2660;131;Cola Dragón;16;VERDADERO;Garra Dragón;35;VERDADERO;3315;FALSO;3204
1307;Dragonite;FALSO;7000;3329;166;Dragoaliento;14;VERDADERO;Enfado;34;FALSO;3916;FALSO;3881
1308;Excadrill;FALSO;8000;2924;192;Garra Metal;14;VERDADERO;Cabeza de Hierro;38;FALSO;3529;FALSO;3529
1310;Kommo-o;FALSO;4500;2494;136;Cola Dragón;16;VERDADERO;A Bocajarro;52;VERDADERO;3283;FALSO;3178
1311;Machamp;FALSO;7000;2686;164;Contraataque;16;VERDADERO;Tajo Cruzado;40;FALSO;3326;FALSO;3297
1312;Rapidash - Galarian;FALSO;5000;2013;123;Patada Baja;10;VERDADERO;Voltio Cruel;35;FALSO;2557;VERDADERO;2493
1313;Rillaboom;FALSO;6000;2768;169;Hoja Afilada;16;VERDADERO;Hierba Lazo;42;VERDADERO;3453;FALSO;3394
1314;Yanmega;FALSO;5000;2318;150;Picadura;12;VERDADERO;Zumbido;29;VERDADERO;2871;VERDADERO;2797
1315;Solrock;FALSO;8000;2086;164;Lanzarrocas;16;VERDADERO;Avalancha;36;FALSO;2662;VERDADERO;2662
1316;Komala;FALSO;5000;2121;126;Desenrrollar;16;VERDADERO;Carantoña;31;FALSO;2687;VERDADERO;2619
1320;Golisopod;FALSO;4000;2108;125;Garra Umbría;13;FALSO;Concha Filo;44;FALSO;2803;VERDADERO;2691
1321;Flareon;FALSO;8000;2724;134;Ascuas;12;FALSO;Lanzallamas;38;FALSO;3259;FALSO;3259
1322;Rhyperior;FALSO;9000;3600;207;Antiaéreo;16;VERDADERO;Terremoto;47;VERDADERO;3927;FALSO;4308
1323;Ursaluna;FALSO;8000;3485;217;Golpe Roca;12;VERDADERO;Abrecaminos;54;FALSO;4230;FALSO;4230
1324;Porygon-Z;FALSO;8000;3031;160;Poder Oculto;12;VERDADERO;Triataque;58;FALSO;3748;FALSO;3748
1325;Gardevoir;FALSO;10000;2963;141;Encanto;16;VERDADERO;Sincrorruido;37;VERDADERO;2907;FALSO;3527
1327;Goodra;FALSO;5000;2720;156;Dragoaliento;14;VERDADERO;Agua Lodosa;23;FALSO;3259;FALSO;3173
1328;Passimian;FALSO;7000;2719;175;Contraataque;16;VERDADERO;Fuerza Bruta;34;FALSO;3322;FALSO;3293
1330;Ho-oh;FALSO;3500;2717;148;Calcinación;16;VERDADERO;Retribución;50;VERDADERO;3562;FALSO;3390
1332;Golem Normal;FALSO;8000;2686;151;Lanzarrocas;16;VERDADERO;Pedrada;29;FALSO;3193;FALSO;3193
1333;Excadrill;FALSO;5000;2660;185;Bofetón Lodo;15;VERDADERO;Arenas Ardientes;36;FALSO;3342;FALSO;3257
1334;Xerneas;VERDADERO;4000;2638;173;Placaje;10;VERDADERO;Gigaimpacto;43;FALSO;3372;FALSO;3232
1336;Overqwil;FALSO;8000;2594;156;Puya Nociva;15;VERDADERO;Acua Cola;26;FALSO;3080;FALSO;3080
1338;Charizard;FALSO;8000;2570;148;Dragoaliento;12;FALSO;Anillo Ígneo;40;FALSO;3134;FALSO;3134
1339;Jolteon;FALSO;7000;2569;133;Impactrueno;10;VERDADERO;Trueno;50;FALSO;3209;FALSO;3182
1341;Darmanitan de Galar;FALSO;5000;2556;179;Placaje;10;VERDADERO;Alud;40;FALSO;3217;FALSO;3135
1342;Magmortar;FALSO;5000;2544;136;Giro Fuego;15;VERDADERO;Llamarada;40;VERDADERO;3202;FALSO;3122
1343;Magmortar;FALSO;5000;2532;141;Giro Bola;24;VERDADERO;Psíquico;32;FALSO;3204;FALSO;3123
1350;Cetitan;FALSO;5000;2474;250;Nieve Polvo;7;FALSO;Alud;40;VERDADERO;3183;FALSO;3101
1352;Alakazam;FALSO;5000;2448;114;Confusión;15;VERDADERO;Premonición;53;VERDADERO;3185;FALSO;3108
1354;Groudon;VERDADERO;3500;2672;140;Cola Dragón;14;VERDADERO;Llamarada;33;FALSO;3129;VERDADERO;2949
1356;Tsareena;FALSO;5000;2418;136;Hoja mágica;14;FALSO;Energibola;28;FALSO;2962;VERDADERO;2885
1365;Luxray;FALSO;5000;2339;140;Alarido;11;VERDADERO;Psicocolmillo;25;FALSO;2841;VERDADERO;2766
1366;Xurkitree;VERDADERO;3000;2390;129;Chispa;10;VERDADERO;Trueno;50;VERDADERO;3116;VERDADERO;2944
1370;Vanilluxe;FALSO;5000;2284;136;Vaho Gélido;13;VERDADERO;Foco Resplandor;37;FALSO;2895;VERDADERO;2823
1371;Tauros;FALSO;7000;2279;145;Placaje;12;VERDADERO;Terremoto;39;VERDADERO;2855;VERDADERO;2831
1372;Rayquaza;VERDADERO;3000;2259;138;Cola Dragón;16;VERDADERO;Enfado;34;VERDADERO;2966;VERDADERO;2798
1376;Aurorus;FALSO;5000;2214;197;Vaho Gélido;13;VERDADERO;Ventisca;50;FALSO;2992;VERDADERO;2920
1377;Buzzwole;FALSO;7000;2204;159;Cascada;13;FALSO;Rapidez;21;FALSO;2664;VERDADERO;2641
1379;Politoed;FALSO;8000;2194;166;Burbuja;12;VERDADERO;Surf;46;VERDADERO;2823;VERDADERO;2823
1381;Musharna;FALSO;5000;2186;185;Cabezazo Zen;13;VERDADERO;Brillo Mágico;29;VERDADERO;2776;VERDADERO;2704
1388;Gardevoir;FALSO;4000;2120;120;Encanto;16;VERDADERO;Brillo Mágico;34;VERDADERO;2754;VERDADERO;2642
1390;Virizion;FALSO;4000;2093;148;Ataque Rápido;10;VERDADERO;A Bocajarro;52;VERDADERO;2851;VERDADERO;2739
1392;Aurorus;FALSO;5000;2079;196;Vaho Gélido;13;VERDADERO;Ventisca;50;FALSO;2852;VERDADERO;2784
1394;Sandslash normal;FALSO;7000;2060;142;Garra Metal;11;VERDADERO;Arenas Ardientes;36;FALSO;2603;VERDADERO;2581
1396;Meowscarada;FALSO;4000;2018;136;Follaje;5;VERDADERO;Tajo Umbrío;27;FALSO;2519;VERDADERO;2411
1398;Durant;FALSO;5000;2017;111;Garra Metal;14;VERDADERO;Tijera X;34;FALSO;2571;VERDADERO;2507
1400;Zoroark;FALSO;5000;2010;119;Garra Umbría;13;VERDADERO;Juego Sucio;42;VERDADERO;2632;VERDADERO;2568
1402;Lunatone;FALSO;7000;2008;165;Lanzarrocas;16;VERDADERO;Psíquico;39;VERDADERO;2631;VERDADERO;2609
1404;Camerupt;FALSO;8000;2008;138;Ascuas;12;FALSO;Rayo Solar;37;FALSO;2536;VERDADERO;2536
1410;Empoleon;FALSO;4500;2197;139;Garra Metal;14;FALSO;Ventisca;42;FALSO;2874;VERDADERO;2781
1411;Slaking;FALSO;7000;3860;215;Bostezo;0;VERDADERO;Hiperrayo;47;VERDADERO;4495;FALSO;4454
1412;Sneasler;FALSO;4500;2366;138;Garra Umbría;13;FALSO;Golpe Aéreo;23;FALSO;2891;VERDADERO;2790
1415;Crabominable;FALSO;7000;2541;169;Golpe Roca;14;VERDADERO;Martillazo;45;VERDADERO;3205;FALSO;3178
1416;Pyroar Hembra;FALSO;7000;2384;258;Calcinación;16;FALSO;Sofoco;48;VERDADERO;3177;FALSO;3151
1420;Palosand;FALSO;6000;2046;152;Disparo Lodo;10;VERDADERO;Bola Sombra;40;VERDADERO;2641;VERDADERO;2597
1422;Golisopod;FALSO;4000;2108;125;Garra Umbría;13;FALSO;Concha Filo;44;FALSO;2803;VERDADERO;2691
1423;Cinderace;FALSO;7000;2577;149;Giro Fuego;15;FALSO;Onda Certera;40;VERDADERO;3195;FALSO;3168
1427;Dialga;FALSO;3500;2803;144;Garra Metal;14;VERDADERO;Retribución;50;VERDADERO;3633;FALSO;3456
1428;Machamp;FALSO;7000;2596;155;Contraataque;16;VERDADERO;Vendetta;46;VERDADERO;3274;FALSO;3247
1429;Malamar;FALSO;8000;2118;161;Psicoonda;10;VERDADERO;Juego Sucio;42;VERDADERO;2692;VERDADERO;2692
1431;Florges - White;FALSO;7000;2814;143;Viento Feérico;13;FALSO;Tormenta Floral;42;VERDADERO;3432;FALSO;3402
1432;Delphox;FALSO;7000;2739;145;Cabezazo Zen;13;VERDADERO;Psíquico;39;VERDADERO;3326;FALSO;3297
1433;Rhydon;FALSO;6000;2704;178;Golpe Roca;12;FALSO;Roca Afilada;52;VERDADERO;3449;FALSO;3392
1434;Swampert;FALSO;8000;2496;174;Pistola Agua;12;VERDADERO;Hidrocañón;57;VERDADERO;3221;FALSO;3221
1438;Hatterene;FALSO;5000;2298;119;Encanto;16;VERDADERO;Brillo Mágico;34;FALSO;2892;VERDADERO;2819
1440;Magmar;FALSO;7000;2064;130;Ascuas;12;VERDADERO;Arenas Ardientes;30;VERDADERO;2552;VERDADERO;2530
1442;Tornadus forma avatar;FALSO;3500;2356;133;Mordisco;12;FALSO;Retribución;50;VERDADERO;3134;FALSO;2985
1443;Dudunsparce (Forma Binodular);FALSO;8000;2372;212;Desenrrollar;16;FALSO;Excavar;21;FALSO;2879;FALSO;2879
1444;Arcanine Hisuian;FALSO;4000;2028;144;Colmillo Ígneo;16;VERDADERO;Triturar;22;FALSO;2583;FALSO;2475
1445;Donphan;FALSO;4000;2106;147;Bofetón Lodo;15;VERDADERO;Golpe Cuerpo;26;FALSO;2700;FALSO;2587
1446;Scizor;FALSO;5000;2207;127;Puño Bala;12;VERDADERO;Cabeza de Hierro;38;VERDADERO;2803;FALSO;2733
1447;Golem Normal;FALSO;7000;2524;145;Bofetón Lodo;15;VERDADERO;Poder Pasado;24;FALSO;3012;FALSO;2985
1448;Salamence;FALSO;3500;2411;146;Colmillo Ígneo;13;FALSO;Hidrobomba;39;FALSO;2832;FALSO;2654
1450;Milotic;FALSO;4000;2160;160;Cascada;16;VERDADERO;Retribución;50;VERDADERO;2964;FALSO;2848
1451;Gourgeist;FALSO;6000;2192;143;Hoja Afilada;16;VERDADERO;Llamarada;33;FALSO;2773;FALSO;2726
1452;Arboliva;FALSO;7000;2569;147;Hoja mágica;14;FALSO;Bomba Germen;31;VERDADERO;3104;FALSO;3077
1453;Charizard;FALSO;8000;2493;146;Giro Fuego;15;VERDADERO;Sofoco;48;VERDADERO;3145;FALSO;3145
1454;Zoroark - Blanco;FALSO;5000;2108;111;Garra Umbría;13;VERDADERO;Lanzallamas;32;FALSO;2643;FALSO;2577
1455;Drifblim;FALSO;7000;2030;243;Infortunio;10;VERDADERO;Bola Sombra;40;VERDADERO;2695;FALSO;2672
1456;Dudunsparce (Forma Binodular);FALSO;5000;2083;197;Mordisco;12;VERDADERO;Excavar;21;FALSO;2615;FALSO;2546
1457;Flareon;FALSO;4500;2282;122;Giro Fuego;15;VERDADERO;Llamarada;40;FALSO;2942;FALSO;2846
1458;Exeggutor normal;FALSO;5000;2376;163;Confusión;15;VERDADERO;Rayo Solar;44;VERDADERO;3087;FALSO;3011
1459;Exeggutor normal;FALSO;7000;2642;169;Paranormal;13;VERDADERO;Bomba Germen;31;FALSO;3195;FALSO;3167
1460;Muk Alola;FALSO;4500;2110;170;Mordisco;14;VERDADERO;Lanzamugre;50;VERDADERO;2889;FALSO;2797
1461;Sawk;FALSO;4500;2020;129;Patada Baja;12;VERDADERO;Onda Certera;48;VERDADERO;2715;FALSO;2629
1462;Hippodown;FALSO;4500;2259;175;Colmillo Rayo;10;FALSO;Meteorobola Roca;34;FALSO;2887;FALSO;2789
1464;Terrakion;FALSO;3000;2148;135;Doble Patada;14;FALSO;Terremoto;39;FALSO;2778;FALSO;2603
1465;Zangoose;FALSO;8000;2159;145;Garra Umbría;13;VERDADERO;Tajo Umbrío;23;FALSO;2589;FALSO;2589
1466;Zoroark;FALSO;5000;2036;122;Garra Umbría;13;VERDADERO;Tinieblas;23;FALSO;2511;FALSO;2446
1467;Zoroark;FALSO;5000;2104;114;Garra Umbría;13;VERDADERO;Juego Sucio;42;VERDADERO;2724;FALSO;2657
1468;Ninetales;FALSO;8000;2036;143;Finta;11;FALSO;Onda Ígnea;32;FALSO;2521;FALSO;2521
1469;Ursaring;FALSO;6000;2428;161;Garra Metal;11;VERDADERO;Abrecaminos;54;FALSO;3167;FALSO;3116
1470;Ursaring;FALSO;5000;2423;161;Contraataque;13;VERDADERO;Abrecaminos;54;FALSO;3203;FALSO;3126
